-- phpMyAdmin SQL Dump
-- version 5.2.1
-- https://www.phpmyadmin.net/
--
-- Host: 127.0.0.1
-- Generation Time: Oct 07, 2025 at 02:49 PM
-- Server version: 10.4.32-MariaDB
-- PHP Version: 8.2.12

SET SQL_MODE = "NO_AUTO_VALUE_ON_ZERO";
START TRANSACTION;
SET time_zone = "+00:00";


/*!40101 SET @OLD_CHARACTER_SET_CLIENT=@@CHARACTER_SET_CLIENT */;
/*!40101 SET @OLD_CHARACTER_SET_RESULTS=@@CHARACTER_SET_RESULTS */;
/*!40101 SET @OLD_COLLATION_CONNECTION=@@COLLATION_CONNECTION */;
/*!40101 SET NAMES utf8mb4 */;

--
-- Database: `ecommerce_dw`
--

-- --------------------------------------------------------

--
-- Table structure for table `customers`
--

CREATE TABLE `customers` (
  `id_customer` int(11) NOT NULL,
  `first_name` varchar(100) DEFAULT NULL,
  `last_name` varchar(100) DEFAULT NULL,
  `email` varchar(150) DEFAULT NULL,
  `country` varchar(50) DEFAULT NULL,
  `signup_date` date DEFAULT NULL
) ENGINE=InnoDB DEFAULT CHARSET=utf8mb4 COLLATE=utf8mb4_general_ci;

--
-- Dumping data for table `customers`
--

INSERT INTO `customers` (`id_customer`, `first_name`, `last_name`, `email`, `country`, `signup_date`) VALUES
(1, 'Margaret', 'Holmes', 'michellewhite@hopkins.com', 'United States Virgin Islands', '2024-10-30'),
(2, 'Christopher', 'Obrien', 'nathanmarshall@mcfarland.com', 'Anguilla', '2025-08-12'),
(3, 'Michael', 'Walker', 'laura95@thomas.com', 'Italy', '2023-09-20'),
(4, 'Rebecca', 'Williams', 'perezsabrina@yahoo.com', 'Mongolia', '2023-09-21'),
(5, 'Tammy', 'Nguyen', 'angelicahoward@gmail.com', 'Argentina', '2024-03-17'),
(6, 'Lisa', 'Williams', 'dalvarez@hamilton.com', 'Uzbekistan', '2023-10-04'),
(7, 'Justin', 'Perez', 'pereznatalie@hotmail.com', 'Lesotho', '2023-03-17'),
(8, 'Wayne', 'Hart', 'marcus23@moore-johnson.info', 'Armenia', '2024-11-08'),
(9, 'Walter', 'Hancock', 'christophercline@hotmail.com', 'Mayotte', '2023-01-22'),
(10, 'Dylan', 'Durham', 'jarmstrong@cochran.biz', 'Mexico', '2023-09-23'),
(11, 'Nicole', 'Jackson', 'melissawalter@mcdonald-wilkinson.com', 'Vanuatu', '2024-04-25'),
(12, 'Gary', 'Mcclain', 'tina83@pineda.com', 'Sao Tome and Principe', '2023-05-29'),
(13, 'Joshua', 'Obrien', 'calvin93@johnson-thompson.net', 'Tanzania', '2024-08-24'),
(14, 'Gwendolyn', 'Morgan', 'brownjennifer@oneill.biz', 'Slovakia (Slovak Republic)', '2024-10-08'),
(15, 'Zoe', 'Wheeler', 'amanda37@hotmail.com', 'Tunisia', '2024-07-17'),
(16, 'Timothy', 'Miller', 'wcantrell@johnson.com', 'French Polynesia', '2022-10-11'),
(17, 'Lisa', 'Marquez', 'alicia57@perry.com', 'Vanuatu', '2023-01-03'),
(18, 'Candace', 'Blair', 'tdodson@gmail.com', 'Pitcairn Islands', '2022-12-31'),
(19, 'Shannon', 'Jensen', 'watkinskelsey@kim.net', 'Wallis and Futuna', '2023-01-09'),
(20, 'Alyssa', 'Reed', 'robertcampbell@powers-carey.com', 'Nauru', '2023-01-21'),
(21, 'Laura', 'Fernandez', 'brookskelly@phillips-russell.info', 'British Virgin Islands', '2025-07-29'),
(22, 'John', 'Mcpherson', 'andrewwood@ward-johnson.com', 'Anguilla', '2025-08-01'),
(23, 'Laura', 'Duke', 'kgreen@doyle-love.com', 'Equatorial Guinea', '2023-02-19'),
(24, 'Michael', 'Stanley', 'xcurtis@smith.com', 'Hong Kong', '2024-11-30'),
(25, 'Michelle', 'Farley', 'amanda84@avila.com', 'New Zealand', '2024-04-20'),
(26, 'Ryan', 'Anderson', 'alexandersmith@stephens.com', 'Wallis and Futuna', '2024-11-28'),
(27, 'John', 'Jimenez', 'williamsonphilip@ward.com', 'Thailand', '2022-12-08'),
(28, 'Kathleen', 'Elliott', 'tonya92@strickland.com', 'Colombia', '2023-04-18'),
(29, 'John', 'Cordova', 'david03@jensen.com', 'Cocos (Keeling) Islands', '2023-02-15'),
(30, 'Travis', 'Smith', 'marshpaula@jackson.com', 'Bahamas', '2023-08-30'),
(31, 'Tanya', 'Steele', 'whubbard@kim.com', 'Antarctica (the territory South of 60 deg S)', '2023-05-07'),
(32, 'Kristin', 'Howell', 'tracistark@fisher.biz', 'Namibia', '2023-11-04'),
(33, 'Stacie', 'Simmons', 'harrellheather@yahoo.com', 'Swaziland', '2023-11-12'),
(34, 'Jeffrey', 'Owens', 'zcochran@hotmail.com', 'Samoa', '2022-12-17'),
(35, 'Ruth', 'Hartman', 'kathleenwade@hotmail.com', 'France', '2023-11-15'),
(36, 'Jamie', 'Tate', 'sarahlawson@johnson.com', 'Guadeloupe', '2025-07-26'),
(37, 'Jennifer', 'Ali', 'qtaylor@hotmail.com', 'Ukraine', '2023-05-27'),
(38, 'Ethan', 'Howard', 'amberdaniels@decker-duncan.com', 'Uruguay', '2023-06-11'),
(39, 'Andrew', 'Gray', 'sean39@gmail.com', 'Iceland', '2025-02-18'),
(40, 'Connie', 'Taylor', 'jaclynbradley@hotmail.com', 'Isle of Man', '2023-12-10'),
(41, 'Jean', 'Gray', 'qlopez@yahoo.com', 'Saint Pierre and Miquelon', '2025-08-23'),
(42, 'Julia', 'Brown', 'mbecker@yahoo.com', 'Sri Lanka', '2023-05-31'),
(43, 'Rodney', 'Spencer', 'michael33@yahoo.com', 'Croatia', '2025-05-19'),
(44, 'Justin', 'Clay', 'isaacjohns@gmail.com', 'Montenegro', '2024-05-07'),
(45, 'Courtney', 'Juarez', 'gvillanueva@hotmail.com', 'Malaysia', '2025-04-19'),
(46, 'James', 'Lopez', 'bookerbrian@schneider.biz', 'Cocos (Keeling) Islands', '2023-06-13'),
(47, 'Anthony', 'Hall', 'allisonalvarado@hotmail.com', 'Bahamas', '2023-07-15'),
(48, 'Michelle', 'Gibson', 'michelle26@mcgee.com', 'Bolivia', '2022-11-14'),
(49, 'Alison', 'Grant', 'barryhoward@smith-bowers.biz', 'British Virgin Islands', '2025-09-21'),
(50, 'Pamela', 'Barber', 'hernandezdonald@hanson.com', 'Mauritius', '2024-11-08');

-- --------------------------------------------------------

--
-- Table structure for table `dates`
--

CREATE TABLE `dates` (
  `id_date` int(11) NOT NULL,
  `date` timestamp NOT NULL DEFAULT current_timestamp() ON UPDATE current_timestamp()
) ENGINE=InnoDB DEFAULT CHARSET=utf8mb4 COLLATE=utf8mb4_general_ci;

--
-- Dumping data for table `dates`
--

INSERT INTO `dates` (`id_date`, `date`) VALUES
(1, '2025-10-01 09:19:49'),
(3, '2025-10-01 14:16:24'),
(4, '2025-10-03 07:42:54'),
(5, '2025-10-03 10:11:36'),
(6, '2025-10-03 10:11:36'),
(7, '2025-10-03 10:17:55'),
(8, '2025-10-03 10:17:55');

-- --------------------------------------------------------

--
-- Table structure for table `fact_sales`
--

CREATE TABLE `fact_sales` (
  `id_order` int(11) DEFAULT NULL,
  `id_customer` int(11) DEFAULT NULL,
  `id_product` int(11) DEFAULT NULL,
  `order_date` date DEFAULT NULL,
  `quantity` decimal(18,2) DEFAULT NULL,
  `total_amount` decimal(18,2) DEFAULT NULL
) ENGINE=InnoDB DEFAULT CHARSET=utf8mb4 COLLATE=utf8mb4_general_ci;

--
-- Dumping data for table `fact_sales`
--

INSERT INTO `fact_sales` (`id_order`, `id_customer`, `id_product`, `order_date`, `quantity`, `total_amount`) VALUES
(1, 36, 18, '2024-10-10', 2.00, 668.46),
(1, 36, 1, '2024-10-10', 3.00, 88.74),
(2, 35, 15, '2025-07-23', 1.00, 135.81),
(2, 35, 1, '2025-07-23', 2.00, 59.16),
(2, 35, 7, '2025-07-23', 1.00, 8.10),
(2, 35, 9, '2025-07-23', 1.00, 206.20),
(2, 35, 15, '2025-07-23', 1.00, 135.81),
(2, 35, NULL, '2025-07-23', 2.00, 1.98),
(2, 35, NULL, '2025-07-23', 2.00, 1.98),
(2, 35, 10, '2025-07-23', 2.00, 1.98),
(2, 35, 14, '2025-07-23', 2.00, 1.98),
(3, 16, 11, '2025-04-24', 2.00, 373.18),
(3, 16, 3, '2025-04-24', 1.00, 420.22),
(4, 41, 1, '2025-09-02', 3.00, 88.74),
(5, 17, 17, '2024-03-31', 3.00, 398.16),
(6, 28, 13, '2025-07-09', 2.00, 915.96),
(6, 28, 15, '2025-07-09', 2.00, 271.62),
(7, 16, 4, '2024-06-30', 1.00, 40.30),
(7, 16, 20, '2024-06-30', 2.00, 657.74),
(7, 16, 3, '2024-06-30', 3.00, 1260.66),
(7, 16, 10, '2024-06-30', 3.00, 1088.73),
(7, 16, 6, '2024-06-30', 3.00, 642.48),
(8, 29, 20, '2025-04-23', 3.00, 986.61),
(9, 24, 3, '2025-03-31', 3.00, 1260.66),
(9, 24, 3, '2025-03-31', 2.00, 840.44),
(9, 24, 12, '2025-03-31', 2.00, 70.86),
(10, 44, 16, '2025-08-29', 3.00, 632.88),
(11, 2, 1, '2023-11-25', 1.00, 29.58),
(11, 2, 10, '2023-11-25', 2.00, 725.82),
(12, 13, 11, '2025-08-05', 1.00, 186.59),
(12, 13, 1, '2025-08-05', 2.00, 59.16),
(12, 13, 4, '2025-08-05', 3.00, 120.90),
(12, 13, 4, '2025-08-05', 1.00, 40.30),
(13, 48, 1, '2024-11-10', 1.00, 29.58),
(13, 48, 13, '2024-11-10', 3.00, 1373.94),
(13, 48, 20, '2024-11-10', 2.00, 657.74),
(13, 48, 15, '2024-11-10', 1.00, 135.81),
(14, 14, 2, '2025-02-24', 1.00, 319.07),
(14, 14, 1, '2025-02-24', 1.00, 29.58),
(14, 14, 19, '2025-02-24', 1.00, 97.79),
(14, 14, 4, '2025-02-24', 2.00, 80.60),
(14, 14, 3, '2025-02-24', 3.00, 1260.66),
(15, 1, 18, '2025-02-28', 1.00, 334.23),
(15, 1, 9, '2025-02-28', 1.00, 206.20),
(15, 1, 20, '2025-02-28', 3.00, 986.61),
(15, 1, 6, '2025-02-28', 3.00, 642.48),
(16, 16, 5, '2025-03-08', 1.00, 155.48),
(16, 16, 16, '2025-03-08', 3.00, 632.88),
(17, 20, 3, '2024-12-22', 2.00, 840.44),
(17, 20, 12, '2024-12-22', 3.00, 106.29),
(17, 20, 16, '2024-12-22', 3.00, 632.88),
(17, 20, 19, '2024-12-22', 3.00, 293.37),
(18, 29, 17, '2024-04-23', 1.00, 132.72),
(18, 29, 6, '2024-04-23', 1.00, 214.16),
(18, 29, 10, '2024-04-23', 3.00, 1088.73),
(18, 29, 3, '2024-04-23', 1.00, 420.22),
(19, 6, 13, '2024-03-06', 3.00, 1373.94),
(19, 6, 12, '2024-03-06', 2.00, 70.86),
(20, 32, 14, '2024-05-24', 3.00, 1167.63),
(20, 32, 8, '2024-05-24', 3.00, 1017.15),
(20, 32, 9, '2024-05-24', 2.00, 412.40),
(21, 23, 2, '2025-01-29', 3.00, 957.21),
(21, 23, 9, '2025-01-29', 2.00, 412.40),
(22, 26, 6, '2025-01-30', 3.00, 642.48),
(22, 26, 3, '2025-01-30', 1.00, 420.22),
(22, 26, 16, '2025-01-30', 3.00, 632.88),
(22, 26, 9, '2025-01-30', 3.00, 618.60),
(22, 26, 17, '2025-01-30', 1.00, 132.72),
(23, 4, 19, '2025-02-26', 1.00, 97.79),
(23, 4, 11, '2025-02-26', 2.00, 373.18),
(23, 4, 5, '2025-02-26', 1.00, 155.48),
(23, 4, 8, '2025-02-26', 3.00, 1017.15),
(23, 4, 19, '2025-02-26', 2.00, 195.58),
(24, 21, 15, '2024-06-13', 1.00, 135.81),
(24, 21, 9, '2024-06-13', 1.00, 206.20),
(24, 21, 19, '2024-06-13', 3.00, 293.37),
(24, 21, 15, '2024-06-13', 2.00, 271.62),
(24, 21, 17, '2024-06-13', 2.00, 265.44),
(25, 31, 17, '2025-08-26', 2.00, 265.44),
(25, 31, 1, '2025-08-26', 2.00, 59.16),
(25, 31, 12, '2025-08-26', 3.00, 106.29),
(26, 32, 12, '2024-08-05', 1.00, 35.43),
(26, 32, 10, '2024-08-05', 1.00, 362.91),
(26, 32, 6, '2024-08-05', 2.00, 428.32),
(26, 32, 3, '2024-08-05', 2.00, 840.44),
(27, 32, 4, '2023-12-19', 2.00, 80.60),
(28, 39, 16, '2025-01-01', 2.00, 421.92),
(28, 39, 3, '2025-01-01', 1.00, 420.22),
(28, 39, 8, '2025-01-01', 2.00, 678.10),
(28, 39, 19, '2025-01-01', 2.00, 195.58),
(28, 39, 19, '2025-01-01', 3.00, 293.37),
(29, 7, 17, '2024-07-25', 1.00, 132.72),
(29, 7, 13, '2024-07-25', 2.00, 915.96),
(29, 7, 1, '2024-07-25', 2.00, 59.16),
(29, 7, 12, '2024-07-25', 1.00, 35.43),
(29, 7, 14, '2024-07-25', 3.00, 1167.63),
(30, 11, 7, '2023-11-28', 1.00, 8.10),
(31, 48, 6, '2025-02-16', 2.00, 428.32),
(31, 48, 6, '2025-02-16', 2.00, 428.32),
(31, 48, 13, '2025-02-16', 2.00, 915.96),
(32, 46, 13, '2024-09-15', 1.00, 457.98),
(32, 46, 6, '2024-09-15', 2.00, 428.32),
(32, 46, 20, '2024-09-15', 2.00, 657.74),
(32, 46, 7, '2024-09-15', 3.00, 24.30),
(32, 46, 18, '2024-09-15', 2.00, 668.46),
(33, 39, 2, '2024-03-11', 3.00, 957.21),
(33, 39, 3, '2024-03-11', 1.00, 420.22),
(33, 39, 17, '2024-03-11', 3.00, 398.16),
(33, 39, 5, '2024-03-11', 1.00, 155.48),
(33, 39, 18, '2024-03-11', 1.00, 334.23),
(34, 33, 17, '2023-11-07', 2.00, 265.44),
(34, 33, 19, '2023-11-07', 3.00, 293.37),
(35, 26, 11, '2025-09-08', 3.00, 559.77),
(35, 26, 10, '2025-09-08', 3.00, 1088.73),
(36, 27, 9, '2024-02-05', 2.00, 412.40),
(36, 27, 6, '2024-02-05', 2.00, 428.32),
(36, 27, 15, '2024-02-05', 3.00, 407.43),
(37, 31, 11, '2024-06-12', 3.00, 559.77),
(37, 31, 13, '2024-06-12', 1.00, 457.98),
(37, 31, 19, '2024-06-12', 3.00, 293.37),
(38, 39, 6, '2024-11-02', 3.00, 642.48),
(39, 38, 15, '2025-09-12', 2.00, 271.62),
(39, 38, 10, '2025-09-12', 3.00, 1088.73),
(39, 38, 12, '2025-09-12', 1.00, 35.43),
(40, 26, 19, '2024-11-14', 3.00, 293.37),
(40, 26, 10, '2024-11-14', 1.00, 362.91),
(40, 26, 20, '2024-11-14', 1.00, 328.87),
(40, 26, 2, '2024-11-14', 3.00, 957.21),
(41, 37, 4, '2025-04-04', 2.00, 80.60),
(41, 37, 14, '2025-04-04', 3.00, 1167.63),
(42, 4, 15, '2023-11-27', 3.00, 407.43),
(42, 4, 11, '2023-11-27', 3.00, 559.77),
(42, 4, 17, '2023-11-27', 1.00, 132.72),
(42, 4, 2, '2023-11-27', 1.00, 319.07),
(43, 47, 7, '2025-09-10', 1.00, 8.10),
(44, 43, 16, '2024-05-28', 3.00, 632.88),
(44, 43, 3, '2024-05-28', 2.00, 840.44),
(45, 5, 4, '2025-07-08', 2.00, 80.60),
(45, 5, 12, '2025-07-08', 3.00, 106.29),
(45, 5, 17, '2025-07-08', 3.00, 398.16),
(45, 5, 12, '2025-07-08', 3.00, 106.29),
(45, 5, 17, '2025-07-08', 2.00, 265.44),
(46, 6, 13, '2024-12-30', 2.00, 915.96),
(46, 6, 15, '2024-12-30', 1.00, 135.81),
(46, 6, 10, '2024-12-30', 1.00, 362.91),
(46, 6, 13, '2024-12-30', 1.00, 457.98),
(46, 6, 15, '2024-12-30', 1.00, 135.81),
(47, 38, 19, '2024-11-22', 1.00, 97.79),
(47, 38, 13, '2024-11-22', 3.00, 1373.94),
(47, 38, 12, '2024-11-22', 3.00, 106.29),
(48, 42, 9, '2025-09-14', 1.00, 206.20),
(48, 42, 8, '2025-09-14', 3.00, 1017.15),
(48, 42, 1, '2025-09-14', 2.00, 59.16),
(48, 42, 3, '2025-09-14', 1.00, 420.22),
(48, 42, 14, '2025-09-14', 2.00, 778.42),
(49, 30, 12, '2024-11-05', 1.00, 35.43),
(50, 45, 7, '2025-09-01', 3.00, 24.30),
(50, 45, 20, '2025-09-01', 3.00, 986.61),
(50, 45, 9, '2025-09-01', 2.00, 412.40),
(50, 45, 3, '2025-09-01', 1.00, 420.22),
(51, 1, 14, '2024-12-17', 1.00, 389.21),
(51, 1, 15, '2024-12-17', 1.00, 135.81),
(51, 1, 17, '2024-12-17', 3.00, 398.16),
(51, 1, 2, '2024-12-17', 2.00, 638.14),
(51, 1, 17, '2024-12-17', 2.00, 265.44),
(52, 9, 7, '2025-08-25', 1.00, 8.10),
(52, 9, 3, '2025-08-25', 2.00, 840.44),
(53, 37, 7, '2024-10-02', 1.00, 8.10),
(53, 37, 11, '2024-10-02', 1.00, 186.59),
(53, 37, 6, '2024-10-02', 3.00, 642.48),
(53, 37, 6, '2024-10-02', 1.00, 214.16),
(53, 37, 4, '2024-10-02', 3.00, 120.90),
(54, 10, 11, '2025-07-07', 2.00, 373.18),
(54, 10, 8, '2025-07-07', 1.00, 339.05),
(54, 10, 15, '2025-07-07', 2.00, 271.62),
(54, 10, 17, '2025-07-07', 1.00, 132.72),
(55, 28, 13, '2023-10-05', 1.00, 457.98),
(55, 28, 9, '2023-10-05', 1.00, 206.20),
(56, 4, 3, '2024-04-25', 2.00, 840.44),
(57, 20, 14, '2024-02-15', 3.00, 1167.63),
(57, 20, 12, '2024-02-15', 3.00, 106.29),
(57, 20, 7, '2024-02-15', 3.00, 24.30),
(57, 20, 14, '2024-02-15', 3.00, 1167.63),
(57, 20, 8, '2024-02-15', 3.00, 1017.15),
(58, 50, 20, '2025-01-18', 2.00, 657.74),
(58, 50, 11, '2025-01-18', 3.00, 559.77),
(59, 3, 3, '2024-11-22', 3.00, 1260.66),
(60, 31, 2, '2025-06-23', 3.00, 957.21),
(60, 31, 4, '2025-06-23', 1.00, 40.30),
(60, 31, 4, '2025-06-23', 3.00, 120.90),
(61, 49, 4, '2023-11-25', 1.00, 40.30),
(61, 49, 17, '2023-11-25', 2.00, 265.44),
(62, 39, 14, '2024-03-26', 3.00, 1167.63),
(62, 39, 17, '2024-03-26', 1.00, 132.72),
(62, 39, 3, '2024-03-26', 2.00, 840.44),
(62, 39, 9, '2024-03-26', 2.00, 412.40),
(63, 23, 12, '2025-09-05', 2.00, 70.86),
(63, 23, 13, '2025-09-05', 1.00, 457.98),
(64, 30, 6, '2025-05-15', 2.00, 428.32),
(64, 30, 14, '2025-05-15', 2.00, 778.42),
(64, 30, 2, '2025-05-15', 3.00, 957.21),
(64, 30, 9, '2025-05-15', 2.00, 412.40),
(64, 30, 10, '2025-05-15', 2.00, 725.82),
(65, 40, 8, '2023-09-30', 2.00, 678.10),
(65, 40, 17, '2023-09-30', 3.00, 398.16),
(65, 40, 19, '2023-09-30', 3.00, 293.37),
(66, 10, 2, '2024-11-22', 1.00, 319.07),
(66, 10, 12, '2024-11-22', 2.00, 70.86),
(66, 10, 10, '2024-11-22', 2.00, 725.82),
(67, 16, 15, '2024-09-18', 3.00, 407.43),
(67, 16, 15, '2024-09-18', 2.00, 271.62),
(67, 16, 5, '2024-09-18', 2.00, 310.96),
(67, 16, 18, '2024-09-18', 2.00, 668.46),
(67, 16, 1, '2024-09-18', 3.00, 88.74),
(68, 50, 11, '2025-02-27', 3.00, 559.77),
(68, 50, 20, '2025-02-27', 3.00, 986.61),
(68, 50, 5, '2025-02-27', 1.00, 155.48),
(68, 50, 5, '2025-02-27', 1.00, 155.48),
(69, 44, 14, '2024-03-07', 3.00, 1167.63),
(69, 44, 2, '2024-03-07', 1.00, 319.07),
(69, 44, 12, '2024-03-07', 1.00, 35.43),
(69, 44, 6, '2024-03-07', 3.00, 642.48),
(70, 41, 10, '2024-03-08', 1.00, 362.91),
(70, 41, 4, '2024-03-08', 2.00, 80.60),
(71, 39, 3, '2023-12-12', 2.00, 840.44),
(71, 39, 5, '2023-12-12', 2.00, 310.96),
(71, 39, 16, '2023-12-12', 2.00, 421.92),
(71, 39, 16, '2023-12-12', 1.00, 210.96),
(72, 11, 13, '2024-03-27', 1.00, 457.98),
(72, 11, 19, '2024-03-27', 2.00, 195.58),
(73, 31, 10, '2025-03-31', 3.00, 1088.73),
(73, 31, 17, '2025-03-31', 1.00, 132.72),
(73, 31, 11, '2025-03-31', 1.00, 186.59),
(73, 31, 17, '2025-03-31', 2.00, 265.44),
(74, 18, 8, '2024-09-06', 2.00, 678.10),
(74, 18, 1, '2024-09-06', 2.00, 59.16),
(75, 18, 3, '2024-09-17', 2.00, 840.44),
(75, 18, 12, '2024-09-17', 1.00, 35.43),
(75, 18, 13, '2024-09-17', 1.00, 457.98),
(75, 18, 15, '2024-09-17', 3.00, 407.43),
(76, 2, 16, '2025-02-01', 1.00, 210.96),
(76, 2, 6, '2025-02-01', 2.00, 428.32),
(76, 2, 4, '2025-02-01', 3.00, 120.90),
(77, 30, 7, '2025-02-16', 1.00, 8.10),
(77, 30, 15, '2025-02-16', 1.00, 135.81),
(77, 30, 3, '2025-02-16', 2.00, 840.44),
(77, 30, 17, '2025-02-16', 3.00, 398.16),
(78, 25, 6, '2024-07-30', 3.00, 642.48),
(78, 25, 6, '2024-07-30', 3.00, 642.48),
(79, 13, 17, '2024-07-06', 3.00, 398.16),
(80, 19, 8, '2024-01-12', 1.00, 339.05),
(80, 19, 19, '2024-01-12', 1.00, 97.79),
(80, 19, 17, '2024-01-12', 1.00, 132.72),
(80, 19, 18, '2024-01-12', 1.00, 334.23),
(81, 31, 16, '2024-02-27', 1.00, 210.96),
(81, 31, 10, '2024-02-27', 1.00, 362.91),
(81, 31, 15, '2024-02-27', 3.00, 407.43),
(81, 31, 8, '2024-02-27', 1.00, 339.05),
(82, 12, 15, '2024-11-05', 3.00, 407.43),
(82, 12, 15, '2024-11-05', 3.00, 407.43),
(82, 12, 20, '2024-11-05', 1.00, 328.87),
(82, 12, 1, '2024-11-05', 3.00, 88.74),
(82, 12, 17, '2024-11-05', 1.00, 132.72),
(83, 31, 1, '2023-12-20', 2.00, 59.16),
(83, 31, 10, '2023-12-20', 1.00, 362.91),
(83, 31, 3, '2023-12-20', 3.00, 1260.66),
(83, 31, 7, '2023-12-20', 1.00, 8.10),
(83, 31, 13, '2023-12-20', 2.00, 915.96),
(84, 45, 7, '2024-07-28', 3.00, 24.30),
(84, 45, 2, '2024-07-28', 2.00, 638.14),
(84, 45, 6, '2024-07-28', 2.00, 428.32),
(85, 23, 8, '2025-06-02', 2.00, 678.10),
(85, 23, 12, '2025-06-02', 2.00, 70.86),
(85, 23, 14, '2025-06-02', 2.00, 778.42),
(85, 23, 20, '2025-06-02', 1.00, 328.87),
(85, 23, 14, '2025-06-02', 3.00, 1167.63),
(86, 39, 4, '2023-11-08', 2.00, 80.60),
(86, 39, 7, '2023-11-08', 1.00, 8.10),
(86, 39, 12, '2023-11-08', 3.00, 106.29),
(86, 39, 5, '2023-11-08', 2.00, 310.96),
(86, 39, 8, '2023-11-08', 1.00, 339.05),
(87, 22, 20, '2024-05-25', 1.00, 328.87),
(87, 22, 12, '2024-05-25', 2.00, 70.86),
(87, 22, 10, '2024-05-25', 2.00, 725.82),
(88, 46, 15, '2025-02-01', 3.00, 407.43),
(88, 46, 9, '2025-02-01', 2.00, 412.40),
(89, 15, 11, '2025-05-27', 1.00, 186.59),
(89, 15, 4, '2025-05-27', 3.00, 120.90),
(89, 15, 3, '2025-05-27', 1.00, 420.22),
(89, 15, 20, '2025-05-27', 2.00, 657.74),
(90, 36, 4, '2024-09-24', 3.00, 120.90),
(91, 19, 8, '2024-01-06', 2.00, 678.10),
(91, 19, 5, '2024-01-06', 1.00, 155.48),
(91, 19, 19, '2024-01-06', 3.00, 293.37),
(92, 11, 14, '2024-08-30', 3.00, 1167.63),
(92, 11, 3, '2024-08-30', 1.00, 420.22),
(92, 11, 11, '2024-08-30', 3.00, 559.77),
(92, 11, 6, '2024-08-30', 3.00, 642.48),
(92, 11, 18, '2024-08-30', 2.00, 668.46),
(93, 33, 17, '2024-02-22', 1.00, 132.72),
(93, 33, 19, '2024-02-22', 1.00, 97.79),
(93, 33, 19, '2024-02-22', 3.00, 293.37),
(93, 33, 13, '2024-02-22', 3.00, 1373.94),
(94, 5, 1, '2024-11-14', 2.00, 59.16),
(94, 5, 5, '2024-11-14', 1.00, 155.48),
(94, 5, 1, '2024-11-14', 1.00, 29.58),
(94, 5, 5, '2024-11-14', 1.00, 155.48),
(94, 5, 11, '2024-11-14', 3.00, 559.77),
(95, 39, 8, '2024-02-17', 2.00, 678.10),
(95, 39, 13, '2024-02-17', 1.00, 457.98),
(95, 39, 3, '2024-02-17', 2.00, 840.44),
(96, 22, 5, '2023-11-02', 1.00, 155.48),
(96, 22, 18, '2023-11-02', 3.00, 1002.69),
(97, 15, 12, '2024-01-05', 1.00, 35.43),
(97, 15, 9, '2024-01-05', 1.00, 206.20),
(97, 15, 14, '2024-01-05', 2.00, 778.42),
(97, 15, 8, '2024-01-05', 1.00, 339.05),
(98, 39, 16, '2024-07-09', 3.00, 632.88),
(98, 39, 19, '2024-07-09', 1.00, 97.79),
(98, 39, 20, '2024-07-09', 1.00, 328.87),
(98, 39, 12, '2024-07-09', 2.00, 70.86),
(99, 20, 10, '2024-07-14', 2.00, 725.82),
(99, 20, 8, '2024-07-14', 1.00, 339.05),
(100, 4, 19, '2025-01-27', 3.00, 293.37),
(101, 45, 2, '2024-06-21', 3.00, 957.21),
(101, 45, 2, '2024-06-21', 2.00, 638.14),
(101, 45, 12, '2024-06-21', 1.00, 35.43),
(101, 45, 3, '2024-06-21', 3.00, 1260.66),
(101, 45, 4, '2024-06-21', 3.00, 120.90),
(102, 40, 1, '2025-01-07', 2.00, 59.16),
(102, 40, 8, '2025-01-07', 1.00, 339.05),
(102, 40, 6, '2025-01-07', 2.00, 428.32),
(103, 48, 20, '2025-05-20', 1.00, 328.87),
(103, 48, 4, '2025-05-20', 1.00, 40.30),
(103, 48, 7, '2025-05-20', 1.00, 8.10),
(103, 48, 16, '2025-05-20', 1.00, 210.96),
(104, 27, 19, '2024-07-30', 1.00, 97.79),
(104, 27, 3, '2024-07-30', 3.00, 1260.66),
(104, 27, 6, '2024-07-30', 2.00, 428.32),
(104, 27, 3, '2024-07-30', 3.00, 1260.66),
(105, 3, 4, '2024-01-23', 3.00, 120.90),
(105, 3, 14, '2024-01-23', 3.00, 1167.63),
(105, 3, 2, '2024-01-23', 1.00, 319.07),
(105, 3, 15, '2024-01-23', 1.00, 135.81),
(106, 38, 13, '2025-01-20', 1.00, 457.98),
(106, 38, 10, '2025-01-20', 2.00, 725.82),
(106, 38, 15, '2025-01-20', 3.00, 407.43),
(107, 23, 14, '2024-01-25', 3.00, 1167.63),
(107, 23, 14, '2024-01-25', 3.00, 1167.63),
(107, 23, 19, '2024-01-25', 1.00, 97.79),
(107, 23, 11, '2024-01-25', 3.00, 559.77),
(107, 23, 7, '2024-01-25', 1.00, 8.10),
(108, 34, 12, '2025-08-23', 1.00, 35.43),
(108, 34, 3, '2025-08-23', 3.00, 1260.66),
(108, 34, 2, '2025-08-23', 1.00, 319.07),
(108, 34, 16, '2025-08-23', 2.00, 421.92),
(108, 34, 13, '2025-08-23', 3.00, 1373.94),
(109, 23, 20, '2024-11-30', 3.00, 986.61),
(109, 23, 6, '2024-11-30', 3.00, 642.48),
(109, 23, 11, '2024-11-30', 3.00, 559.77),
(109, 23, 18, '2024-11-30', 1.00, 334.23),
(110, 24, 14, '2023-10-29', 3.00, 1167.63),
(111, 22, 6, '2025-04-05', 3.00, 642.48),
(111, 22, 3, '2025-04-05', 1.00, 420.22),
(112, 9, 1, '2024-09-19', 3.00, 88.74),
(112, 9, 10, '2024-09-19', 2.00, 725.82),
(112, 9, 18, '2024-09-19', 3.00, 1002.69),
(112, 9, 5, '2024-09-19', 1.00, 155.48),
(113, 7, 10, '2024-07-09', 2.00, 725.82),
(113, 7, 16, '2024-07-09', 1.00, 210.96),
(113, 7, 9, '2024-07-09', 3.00, 618.60),
(113, 7, 11, '2024-07-09', 1.00, 186.59),
(114, 19, 13, '2025-01-30', 2.00, 915.96),
(114, 19, 3, '2025-01-30', 1.00, 420.22),
(114, 19, 20, '2025-01-30', 2.00, 657.74),
(114, 19, 1, '2025-01-30', 3.00, 88.74),
(115, 18, 18, '2024-02-01', 1.00, 334.23),
(115, 18, 19, '2024-02-01', 3.00, 293.37),
(115, 18, 14, '2024-02-01', 3.00, 1167.63),
(115, 18, 16, '2024-02-01', 2.00, 421.92),
(116, 10, 10, '2024-10-21', 2.00, 725.82),
(116, 10, 17, '2024-10-21', 1.00, 132.72),
(116, 10, 18, '2024-10-21', 1.00, 334.23),
(116, 10, 7, '2024-10-21', 1.00, 8.10),
(117, 45, 2, '2025-05-12', 3.00, 957.21),
(118, 33, 20, '2025-08-24', 1.00, 328.87),
(118, 33, 9, '2025-08-24', 3.00, 618.60),
(118, 33, 1, '2025-08-24', 3.00, 88.74),
(119, 31, 12, '2024-06-25', 3.00, 106.29),
(120, 16, 3, '2024-08-28', 2.00, 840.44),
(121, 17, 2, '2024-03-10', 2.00, 638.14),
(121, 17, 19, '2024-03-10', 3.00, 293.37),
(122, 18, 4, '2025-01-05', 2.00, 80.60),
(122, 18, 9, '2025-01-05', 1.00, 206.20),
(122, 18, 8, '2025-01-05', 3.00, 1017.15),
(122, 18, 3, '2025-01-05', 3.00, 1260.66),
(123, 33, 14, '2024-05-19', 2.00, 778.42),
(123, 33, 20, '2024-05-19', 1.00, 328.87),
(123, 33, 8, '2024-05-19', 1.00, 339.05),
(124, 30, 6, '2025-05-25', 1.00, 214.16),
(125, 35, 10, '2023-11-09', 2.00, 725.82),
(126, 33, 14, '2025-05-28', 2.00, 778.42),
(126, 33, 20, '2025-05-28', 3.00, 986.61),
(126, 33, 14, '2025-05-28', 2.00, 778.42),
(126, 33, 19, '2025-05-28', 1.00, 97.79),
(127, 48, 8, '2023-11-09', 3.00, 1017.15),
(127, 48, 19, '2023-11-09', 1.00, 97.79),
(127, 48, 18, '2023-11-09', 1.00, 334.23),
(128, 1, 12, '2024-03-09', 1.00, 35.43),
(128, 1, 6, '2024-03-09', 2.00, 428.32),
(129, 35, 15, '2023-10-04', 2.00, 271.62),
(129, 35, 16, '2023-10-04', 1.00, 210.96),
(129, 35, 10, '2023-10-04', 3.00, 1088.73),
(130, 13, 6, '2025-03-19', 2.00, 428.32),
(130, 13, 20, '2025-03-19', 2.00, 657.74),
(130, 13, 5, '2025-03-19', 1.00, 155.48),
(131, 12, 7, '2025-08-07', 3.00, 24.30),
(132, 43, 2, '2025-09-07', 1.00, 319.07),
(133, 47, 1, '2025-03-23', 3.00, 88.74),
(133, 47, 8, '2025-03-23', 2.00, 678.10),
(133, 47, 1, '2025-03-23', 1.00, 29.58),
(133, 47, 15, '2025-03-23', 3.00, 407.43),
(133, 47, 12, '2025-03-23', 3.00, 106.29),
(134, 23, 1, '2025-07-24', 3.00, 88.74),
(134, 23, 10, '2025-07-24', 1.00, 362.91),
(134, 23, 19, '2025-07-24', 3.00, 293.37),
(134, 23, 20, '2025-07-24', 3.00, 986.61),
(135, 30, 2, '2023-10-12', 2.00, 638.14),
(135, 30, 7, '2023-10-12', 2.00, 16.20),
(136, 47, 16, '2024-11-09', 1.00, 210.96),
(136, 47, 18, '2024-11-09', 3.00, 1002.69),
(136, 47, 5, '2024-11-09', 2.00, 310.96),
(137, 5, 20, '2023-11-27', 1.00, 328.87),
(137, 5, 20, '2023-11-27', 2.00, 657.74),
(137, 5, 20, '2023-11-27', 2.00, 657.74),
(137, 5, 17, '2023-11-27', 1.00, 132.72),
(138, 24, 14, '2024-06-16', 3.00, 1167.63),
(138, 24, 3, '2024-06-16', 1.00, 420.22),
(138, 24, 13, '2024-06-16', 3.00, 1373.94),
(138, 24, 20, '2024-06-16', 1.00, 328.87),
(138, 24, 16, '2024-06-16', 2.00, 421.92),
(139, 25, 11, '2024-06-28', 3.00, 559.77),
(139, 25, 5, '2024-06-28', 2.00, 310.96),
(139, 25, 4, '2024-06-28', 3.00, 120.90),
(139, 25, 11, '2024-06-28', 1.00, 186.59),
(139, 25, 5, '2024-06-28', 1.00, 155.48),
(140, 16, 4, '2024-05-22', 1.00, 40.30),
(140, 16, 18, '2024-05-22', 2.00, 668.46),
(140, 16, 9, '2024-05-22', 3.00, 618.60),
(140, 16, 7, '2024-05-22', 3.00, 24.30),
(141, 30, 17, '2025-09-26', 2.00, 265.44),
(141, 30, 16, '2025-09-26', 2.00, 421.92),
(142, 26, 10, '2023-09-30', 2.00, 725.82),
(142, 26, 13, '2023-09-30', 3.00, 1373.94),
(143, 37, 9, '2025-02-04', 3.00, 618.60),
(143, 37, 9, '2025-02-04', 1.00, 206.20),
(143, 37, 20, '2025-02-04', 3.00, 986.61),
(144, 27, 8, '2024-10-09', 3.00, 1017.15),
(144, 27, 9, '2024-10-09', 2.00, 412.40),
(145, 6, 13, '2024-07-24', 1.00, 457.98),
(146, 6, 5, '2024-10-20', 2.00, 310.96),
(146, 6, 8, '2024-10-20', 3.00, 1017.15),
(146, 6, 20, '2024-10-20', 1.00, 328.87),
(147, 42, 18, '2025-06-18', 1.00, 334.23),
(147, 42, 19, '2025-06-18', 2.00, 195.58),
(147, 42, 12, '2025-06-18', 2.00, 70.86),
(148, 15, 5, '2025-04-04', 1.00, 155.48),
(148, 15, 5, '2025-04-04', 3.00, 466.44),
(148, 15, 10, '2025-04-04', 1.00, 362.91),
(149, 4, 9, '2024-08-09', 2.00, 412.40),
(149, 4, 1, '2024-08-09', 2.00, 59.16),
(149, 4, 8, '2024-08-09', 2.00, 678.10),
(149, 4, 5, '2024-08-09', 1.00, 155.48),
(149, 4, 11, '2024-08-09', 2.00, 373.18),
(150, 14, 15, '2024-07-16', 2.00, 271.62),
(150, 14, 8, '2024-07-16', 1.00, 339.05),
(150, 14, 11, '2024-07-16', 2.00, 373.18),
(150, 14, 10, '2024-07-16', 2.00, 725.82),
(150, 14, 8, '2024-07-16', 2.00, 678.10),
(151, 47, 11, '2024-08-08', 3.00, 559.77),
(151, 47, 16, '2024-08-08', 1.00, 210.96),
(152, 44, 15, '2025-09-22', 2.00, 271.62),
(152, 44, 9, '2025-09-22', 1.00, 206.20),
(152, 44, 18, '2025-09-22', 1.00, 334.23),
(152, 44, 4, '2025-09-22', 1.00, 40.30),
(153, 39, 7, '2025-03-28', 2.00, 16.20),
(153, 39, 17, '2025-03-28', 2.00, 265.44),
(154, 1, 6, '2024-01-04', 1.00, 214.16),
(154, 1, 15, '2024-01-04', 3.00, 407.43),
(154, 1, 19, '2024-01-04', 2.00, 195.58),
(154, 1, 20, '2024-01-04', 1.00, 328.87),
(155, 2, 11, '2024-06-28', 1.00, 186.59),
(155, 2, 8, '2024-06-28', 1.00, 339.05),
(155, 2, 3, '2024-06-28', 1.00, 420.22),
(155, 2, 20, '2024-06-28', 3.00, 986.61),
(155, 2, 19, '2024-06-28', 3.00, 293.37),
(156, 38, 1, '2025-09-26', 1.00, 29.58),
(157, 44, 20, '2025-06-02', 2.00, 657.74),
(157, 44, 17, '2025-06-02', 1.00, 132.72),
(157, 44, 4, '2025-06-02', 1.00, 40.30),
(157, 44, 10, '2025-06-02', 3.00, 1088.73),
(157, 44, 10, '2025-06-02', 1.00, 362.91),
(158, 27, 15, '2024-11-26', 2.00, 271.62),
(158, 27, 18, '2024-11-26', 3.00, 1002.69),
(158, 27, 4, '2024-11-26', 1.00, 40.30),
(159, 28, 13, '2024-08-05', 2.00, 915.96),
(159, 28, 9, '2024-08-05', 3.00, 618.60),
(159, 28, 9, '2024-08-05', 1.00, 206.20),
(159, 28, 6, '2024-08-05', 2.00, 428.32),
(160, 37, 10, '2024-11-21', 3.00, 1088.73),
(160, 37, 8, '2024-11-21', 1.00, 339.05),
(160, 37, 18, '2024-11-21', 3.00, 1002.69),
(160, 37, 15, '2024-11-21', 3.00, 407.43),
(161, 24, 10, '2024-06-03', 3.00, 1088.73),
(161, 24, 7, '2024-06-03', 1.00, 8.10),
(162, 10, 8, '2025-02-23', 2.00, 678.10),
(163, 36, 4, '2025-01-05', 3.00, 120.90),
(163, 36, 16, '2025-01-05', 1.00, 210.96),
(163, 36, 8, '2025-01-05', 1.00, 339.05),
(164, 26, 10, '2025-09-01', 1.00, 362.91),
(164, 26, 8, '2025-09-01', 3.00, 1017.15),
(164, 26, 19, '2025-09-01', 3.00, 293.37),
(164, 26, 19, '2025-09-01', 1.00, 97.79),
(165, 50, 12, '2024-08-27', 3.00, 106.29),
(165, 50, 9, '2024-08-27', 2.00, 412.40),
(165, 50, 10, '2024-08-27', 2.00, 725.82),
(166, 45, 14, '2024-04-27', 3.00, 1167.63),
(166, 45, 19, '2024-04-27', 1.00, 97.79),
(166, 45, 2, '2024-04-27', 1.00, 319.07),
(166, 45, 8, '2024-04-27', 2.00, 678.10),
(166, 45, 9, '2024-04-27', 3.00, 618.60),
(167, 47, 11, '2023-12-27', 2.00, 373.18),
(168, 32, 19, '2024-01-10', 1.00, 97.79),
(168, 32, 5, '2024-01-10', 1.00, 155.48),
(168, 32, 13, '2024-01-10', 3.00, 1373.94),
(168, 32, 13, '2024-01-10', 2.00, 915.96),
(169, 24, 2, '2025-08-18', 1.00, 319.07),
(169, 24, 13, '2025-08-18', 2.00, 915.96),
(169, 24, 11, '2025-08-18', 3.00, 559.77),
(170, 39, 1, '2023-12-10', 3.00, 88.74),
(170, 39, 20, '2023-12-10', 2.00, 657.74),
(170, 39, 18, '2023-12-10', 2.00, 668.46),
(170, 39, 17, '2023-12-10', 1.00, 132.72),
(170, 39, 18, '2023-12-10', 1.00, 334.23),
(171, 11, 11, '2024-02-26', 2.00, 373.18),
(171, 11, 9, '2024-02-26', 1.00, 206.20),
(171, 11, 19, '2024-02-26', 3.00, 293.37),
(171, 11, 11, '2024-02-26', 1.00, 186.59),
(171, 11, 8, '2024-02-26', 2.00, 678.10),
(172, 31, 12, '2024-11-02', 2.00, 70.86),
(172, 31, 5, '2024-11-02', 3.00, 466.44),
(172, 31, 14, '2024-11-02', 1.00, 389.21),
(172, 31, 7, '2024-11-02', 3.00, 24.30),
(173, 33, 16, '2025-01-16', 3.00, 632.88),
(173, 33, 2, '2025-01-16', 3.00, 957.21),
(173, 33, 8, '2025-01-16', 1.00, 339.05),
(173, 33, 3, '2025-01-16', 2.00, 840.44),
(173, 33, 17, '2025-01-16', 3.00, 398.16),
(174, 19, 20, '2024-04-06', 2.00, 657.74),
(174, 19, 1, '2024-04-06', 3.00, 88.74),
(174, 19, 16, '2024-04-06', 2.00, 421.92),
(175, 43, 2, '2025-07-28', 3.00, 957.21),
(176, 43, 12, '2024-04-16', 3.00, 106.29),
(176, 43, 12, '2024-04-16', 2.00, 70.86),
(176, 43, 9, '2024-04-16', 2.00, 412.40),
(176, 43, 17, '2024-04-16', 3.00, 398.16),
(177, 36, 8, '2024-05-29', 2.00, 678.10),
(177, 36, 11, '2024-05-29', 2.00, 373.18),
(177, 36, 4, '2024-05-29', 1.00, 40.30),
(177, 36, 1, '2024-05-29', 2.00, 59.16),
(178, 45, 6, '2025-07-26', 2.00, 428.32),
(178, 45, 5, '2025-07-26', 2.00, 310.96),
(179, 42, 10, '2024-12-17', 3.00, 1088.73),
(179, 42, 17, '2024-12-17', 3.00, 398.16),
(179, 42, 15, '2024-12-17', 2.00, 271.62),
(180, 33, 15, '2025-08-29', 2.00, 271.62),
(180, 33, 11, '2025-08-29', 3.00, 559.77),
(180, 33, 13, '2025-08-29', 1.00, 457.98),
(180, 33, 12, '2025-08-29', 3.00, 106.29),
(180, 33, 4, '2025-08-29', 1.00, 40.30),
(181, 36, 14, '2024-09-04', 3.00, 1167.63),
(181, 36, 10, '2024-09-04', 2.00, 725.82),
(182, 11, 15, '2024-09-30', 3.00, 407.43),
(182, 11, 18, '2024-09-30', 1.00, 334.23),
(182, 11, 4, '2024-09-30', 1.00, 40.30),
(183, 22, 3, '2025-08-04', 3.00, 1260.66),
(183, 22, 15, '2025-08-04', 1.00, 135.81),
(183, 22, 2, '2025-08-04', 3.00, 957.21),
(184, 38, 15, '2025-05-21', 3.00, 407.43),
(184, 38, 10, '2025-05-21', 3.00, 1088.73),
(184, 38, 6, '2025-05-21', 2.00, 428.32),
(185, 47, 18, '2025-05-16', 3.00, 1002.69),
(185, 47, 15, '2025-05-16', 3.00, 407.43),
(185, 47, 19, '2025-05-16', 2.00, 195.58),
(185, 47, 4, '2025-05-16', 3.00, 120.90),
(185, 47, 19, '2025-05-16', 2.00, 195.58),
(186, 45, 1, '2024-07-09', 3.00, 88.74),
(186, 45, 1, '2024-07-09', 2.00, 59.16),
(186, 45, 10, '2024-07-09', 1.00, 362.91),
(186, 45, 16, '2024-07-09', 2.00, 421.92),
(187, 24, 8, '2025-01-15', 1.00, 339.05),
(188, 47, 12, '2023-10-29', 3.00, 106.29),
(188, 47, 8, '2023-10-29', 2.00, 678.10),
(188, 47, 14, '2023-10-29', 1.00, 389.21),
(189, 6, 2, '2024-10-04', 3.00, 957.21),
(189, 6, 3, '2024-10-04', 3.00, 1260.66),
(189, 6, 7, '2024-10-04', 3.00, 24.30),
(190, 2, 5, '2025-01-18', 3.00, 466.44),
(190, 2, 15, '2025-01-18', 1.00, 135.81),
(190, 2, 15, '2025-01-18', 3.00, 407.43),
(190, 2, 13, '2025-01-18', 2.00, 915.96),
(191, 44, 4, '2024-03-11', 2.00, 80.60),
(192, 18, 2, '2025-06-24', 1.00, 319.07),
(193, 33, 16, '2023-12-09', 2.00, 421.92),
(193, 33, 7, '2023-12-09', 3.00, 24.30),
(194, 34, 14, '2024-02-05', 3.00, 1167.63),
(194, 34, 7, '2024-02-05', 3.00, 24.30),
(194, 34, 15, '2024-02-05', 2.00, 271.62),
(194, 34, 10, '2024-02-05', 2.00, 725.82),
(195, 42, 16, '2024-11-25', 1.00, 210.96),
(195, 42, 2, '2024-11-25', 2.00, 638.14),
(195, 42, 12, '2024-11-25', 2.00, 70.86),
(195, 42, 14, '2024-11-25', 3.00, 1167.63),
(196, 38, 7, '2024-11-14', 1.00, 8.10),
(197, 35, 8, '2023-10-18', 1.00, 339.05),
(197, 35, 8, '2023-10-18', 1.00, 339.05),
(197, 35, 12, '2023-10-18', 2.00, 70.86),
(198, 23, 15, '2025-02-10', 1.00, 135.81),
(199, 2, 13, '2024-11-14', 2.00, 915.96),
(200, 46, 10, '2023-12-25', 1.00, 362.91);

-- --------------------------------------------------------

--
-- Stand-in structure for view `masked_view_customers`
-- (See below for the actual view)
--
CREATE TABLE `masked_view_customers` (
`id_customer` int(11)
,`last_name` varchar(100)
,`first_name` varchar(100)
,`Name_exp_4` text
);

-- --------------------------------------------------------

--
-- Table structure for table `orders`
--

CREATE TABLE `orders` (
  `id_order` int(11) NOT NULL,
  `id_customer` int(11) DEFAULT NULL,
  `order_date` date DEFAULT NULL,
  `total_amount` decimal(10,2) DEFAULT NULL
) ENGINE=InnoDB DEFAULT CHARSET=utf8mb4 COLLATE=utf8mb4_general_ci;

--
-- Dumping data for table `orders`
--

INSERT INTO `orders` (`id_order`, `id_customer`, `order_date`, `total_amount`) VALUES
(1, 36, '2024-10-10', 757.20),
(2, 35, '2025-07-23', 545.08),
(3, 16, '2025-04-24', 793.40),
(4, 41, '2025-09-02', 88.74),
(5, 17, '2024-03-31', 398.16),
(6, 28, '2025-07-09', 1187.58),
(7, 16, '2024-06-30', 3689.91),
(8, 29, '2025-04-23', 986.61),
(9, 24, '2025-03-31', 2171.96),
(10, 44, '2025-08-29', 632.88),
(11, 2, '2023-11-25', 755.40),
(12, 13, '2025-08-05', 406.95),
(13, 48, '2024-11-10', 2197.07),
(14, 14, '2025-02-24', 1787.70),
(15, 1, '2025-02-28', 2169.52),
(16, 16, '2025-03-08', 788.36),
(17, 20, '2024-12-22', 1872.98),
(18, 29, '2024-04-23', 1855.83),
(19, 6, '2024-03-06', 1444.80),
(20, 32, '2024-05-24', 2597.18),
(21, 23, '2025-01-29', 1369.61),
(22, 26, '2025-01-30', 2446.90),
(23, 4, '2025-02-26', 1839.18),
(24, 21, '2024-06-13', 1172.44),
(25, 31, '2025-08-26', 430.89),
(26, 32, '2024-08-05', 1667.10),
(27, 32, '2023-12-19', 80.60),
(28, 39, '2025-01-01', 2009.19),
(29, 7, '2024-07-25', 2310.90),
(30, 11, '2023-11-28', 8.10),
(31, 48, '2025-02-16', 1772.60),
(32, 46, '2024-09-15', 2236.80),
(33, 39, '2024-03-11', 2265.30),
(34, 33, '2023-11-07', 558.81),
(35, 26, '2025-09-08', 1648.50),
(36, 27, '2024-02-05', 1248.15),
(37, 31, '2024-06-12', 1311.12),
(38, 39, '2024-11-02', 642.48),
(39, 38, '2025-09-12', 1395.78),
(40, 26, '2024-11-14', 1942.36),
(41, 37, '2025-04-04', 1248.23),
(42, 4, '2023-11-27', 1418.99),
(43, 47, '2025-09-10', 8.10),
(44, 43, '2024-05-28', 1473.32),
(45, 5, '2025-07-08', 956.78),
(46, 6, '2024-12-30', 2008.47),
(47, 38, '2024-11-22', 1578.02),
(48, 42, '2025-09-14', 2481.15),
(49, 30, '2024-11-05', 35.43),
(50, 45, '2025-09-01', 1843.53),
(51, 1, '2024-12-17', 1826.76),
(52, 9, '2025-08-25', 848.54),
(53, 37, '2024-10-02', 1172.23),
(54, 10, '2025-07-07', 1116.57),
(55, 28, '2023-10-05', 664.18),
(56, 4, '2024-04-25', 840.44),
(57, 20, '2024-02-15', 3483.00),
(58, 50, '2025-01-18', 1217.51),
(59, 3, '2024-11-22', 1260.66),
(60, 31, '2025-06-23', 1118.41),
(61, 49, '2023-11-25', 305.74),
(62, 39, '2024-03-26', 2553.19),
(63, 23, '2025-09-05', 528.84),
(64, 30, '2025-05-15', 3302.17),
(65, 40, '2023-09-30', 1369.63),
(66, 10, '2024-11-22', 1115.75),
(67, 16, '2024-09-18', 1747.21),
(68, 50, '2025-02-27', 1857.34),
(69, 44, '2024-03-07', 2164.61),
(70, 41, '2024-03-08', 443.51),
(71, 39, '2023-12-12', 1784.28),
(72, 11, '2024-03-27', 653.56),
(73, 31, '2025-03-31', 1673.48),
(74, 18, '2024-09-06', 737.26),
(75, 18, '2024-09-17', 1741.28),
(76, 2, '2025-02-01', 760.18),
(77, 30, '2025-02-16', 1382.51),
(78, 25, '2024-07-30', 1284.96),
(79, 13, '2024-07-06', 398.16),
(80, 19, '2024-01-12', 903.79),
(81, 31, '2024-02-27', 1320.35),
(82, 12, '2024-11-05', 1365.19),
(83, 31, '2023-12-20', 2606.79),
(84, 45, '2024-07-28', 1090.76),
(85, 23, '2025-06-02', 3023.88),
(86, 39, '2023-11-08', 845.00),
(87, 22, '2024-05-25', 1125.55),
(88, 46, '2025-02-01', 819.83),
(89, 15, '2025-05-27', 1385.45),
(90, 36, '2024-09-24', 120.90),
(91, 19, '2024-01-06', 1126.95),
(92, 11, '2024-08-30', 3458.56),
(93, 33, '2024-02-22', 1897.82),
(94, 5, '2024-11-14', 959.47),
(95, 39, '2024-02-17', 1976.52),
(96, 22, '2023-11-02', 1158.17),
(97, 15, '2024-01-05', 1359.10),
(98, 39, '2024-07-09', 1130.40),
(99, 20, '2024-07-14', 1064.87),
(100, 4, '2025-01-27', 293.37),
(101, 45, '2024-06-21', 3012.34),
(102, 40, '2025-01-07', 826.53),
(103, 48, '2025-05-20', 588.23),
(104, 27, '2024-07-30', 3047.43),
(105, 3, '2024-01-23', 1743.41),
(106, 38, '2025-01-20', 1591.23),
(107, 23, '2024-01-25', 3000.92),
(108, 34, '2025-08-23', 3411.02),
(109, 23, '2024-11-30', 2523.09),
(110, 24, '2023-10-29', 1167.63),
(111, 22, '2025-04-05', 1062.70),
(112, 9, '2024-09-19', 1972.73),
(113, 7, '2024-07-09', 1741.97),
(114, 19, '2025-01-30', 2082.66),
(115, 18, '2024-02-01', 2217.15),
(116, 10, '2024-10-21', 1200.87),
(117, 45, '2025-05-12', 957.21),
(118, 33, '2025-08-24', 1036.21),
(119, 31, '2024-06-25', 106.29),
(120, 16, '2024-08-28', 840.44),
(121, 17, '2024-03-10', 931.51),
(122, 18, '2025-01-05', 2564.61),
(123, 33, '2024-05-19', 1446.34),
(124, 30, '2025-05-25', 214.16),
(125, 35, '2023-11-09', 725.82),
(126, 33, '2025-05-28', 2641.24),
(127, 48, '2023-11-09', 1449.17),
(128, 1, '2024-03-09', 463.75),
(129, 35, '2023-10-04', 1571.31),
(130, 13, '2025-03-19', 1241.54),
(131, 12, '2025-08-07', 24.30),
(132, 43, '2025-09-07', 319.07),
(133, 47, '2025-03-23', 1310.14),
(134, 23, '2025-07-24', 1731.63),
(135, 30, '2023-10-12', 654.34),
(136, 47, '2024-11-09', 1524.61),
(137, 5, '2023-11-27', 1777.07),
(138, 24, '2024-06-16', 3712.58),
(139, 25, '2024-06-28', 1333.70),
(140, 16, '2024-05-22', 1351.66),
(141, 30, '2025-09-26', 687.36),
(142, 26, '2023-09-30', 2099.76),
(143, 37, '2025-02-04', 1811.41),
(144, 27, '2024-10-09', 1429.55),
(145, 6, '2024-07-24', 457.98),
(146, 6, '2024-10-20', 1656.98),
(147, 42, '2025-06-18', 600.67),
(148, 15, '2025-04-04', 984.83),
(149, 4, '2024-08-09', 1678.32),
(150, 14, '2024-07-16', 2387.77),
(151, 47, '2024-08-08', 770.73),
(152, 44, '2025-09-22', 852.35),
(153, 39, '2025-03-28', 281.64),
(154, 1, '2024-01-04', 1146.04),
(155, 2, '2024-06-28', 2225.84),
(156, 38, '2025-09-26', 29.58),
(157, 44, '2025-06-02', 2282.40),
(158, 27, '2024-11-26', 1314.61),
(159, 28, '2024-08-05', 2169.08),
(160, 37, '2024-11-21', 2837.90),
(161, 24, '2024-06-03', 1096.83),
(162, 10, '2025-02-23', 678.10),
(163, 36, '2025-01-05', 670.91),
(164, 26, '2025-09-01', 1771.22),
(165, 50, '2024-08-27', 1244.51),
(166, 45, '2024-04-27', 2881.19),
(167, 47, '2023-12-27', 373.18),
(168, 32, '2024-01-10', 2543.17),
(169, 24, '2025-08-18', 1794.80),
(170, 39, '2023-12-10', 1881.89),
(171, 11, '2024-02-26', 1737.44),
(172, 31, '2024-11-02', 950.81),
(173, 33, '2025-01-16', 3167.74),
(174, 19, '2024-04-06', 1168.40),
(175, 43, '2025-07-28', 957.21),
(176, 43, '2024-04-16', 987.71),
(177, 36, '2024-05-29', 1150.74),
(178, 45, '2025-07-26', 739.28),
(179, 42, '2024-12-17', 1758.51),
(180, 33, '2025-08-29', 1435.96),
(181, 36, '2024-09-04', 1893.45),
(182, 11, '2024-09-30', 781.96),
(183, 22, '2025-08-04', 2353.68),
(184, 38, '2025-05-21', 1924.48),
(185, 47, '2025-05-16', 1922.18),
(186, 45, '2024-07-09', 932.73),
(187, 24, '2025-01-15', 339.05),
(188, 47, '2023-10-29', 1173.60),
(189, 6, '2024-10-04', 2242.17),
(190, 2, '2025-01-18', 1925.64),
(191, 44, '2024-03-11', 80.60),
(192, 18, '2025-06-24', 319.07),
(193, 33, '2023-12-09', 446.22),
(194, 34, '2024-02-05', 2189.37),
(195, 42, '2024-11-25', 2087.59),
(196, 38, '2024-11-14', 8.10),
(197, 35, '2023-10-18', 748.96),
(198, 23, '2025-02-10', 135.81),
(199, 2, '2024-11-14', 915.96),
(200, 46, '2023-12-25', 362.91);

-- --------------------------------------------------------

--
-- Table structure for table `order_items`
--

CREATE TABLE `order_items` (
  `id_order` int(11) DEFAULT NULL,
  `id_product` int(11) DEFAULT NULL,
  `id_date` int(11) DEFAULT NULL,
  `quantity` int(11) DEFAULT NULL,
  `unit_price` decimal(10,2) DEFAULT NULL
) ENGINE=InnoDB DEFAULT CHARSET=utf8mb4 COLLATE=utf8mb4_general_ci;

--
-- Dumping data for table `order_items`
--

INSERT INTO `order_items` (`id_order`, `id_product`, `id_date`, `quantity`, `unit_price`) VALUES
(1, 18, 1, 2, 334.23),
(1, 1, 1, 3, 29.58),
(2, 15, 1, 1, 135.81),
(2, 1, 1, 2, 29.58),
(2, 7, 1, 1, 8.10),
(2, 9, 1, 1, 206.20),
(2, 15, 1, 1, 135.81),
(3, 11, 1, 2, 186.59),
(3, 3, 1, 1, 420.22),
(4, 1, 1, 3, 29.58),
(5, 17, 1, 3, 132.72),
(6, 13, 1, 2, 457.98),
(6, 15, 1, 2, 135.81),
(7, 4, 1, 1, 40.30),
(7, 20, 1, 2, 328.87),
(7, 3, 1, 3, 420.22),
(7, 10, 1, 3, 362.91),
(7, 6, 1, 3, 214.16),
(8, 20, 1, 3, 328.87),
(9, 3, 1, 3, 420.22),
(9, 3, 1, 2, 420.22),
(9, 12, 1, 2, 35.43),
(10, 16, 1, 3, 210.96),
(11, 1, 1, 1, 29.58),
(11, 10, 1, 2, 362.91),
(12, 11, 1, 1, 186.59),
(12, 1, 1, 2, 29.58),
(12, 4, 1, 3, 40.30),
(12, 4, 1, 1, 40.30),
(13, 1, 1, 1, 29.58),
(13, 13, 1, 3, 457.98),
(13, 20, 1, 2, 328.87),
(13, 15, 1, 1, 135.81),
(14, 2, 1, 1, 319.07),
(14, 1, 1, 1, 29.58),
(14, 19, 1, 1, 97.79),
(14, 4, 1, 2, 40.30),
(14, 3, 1, 3, 420.22),
(15, 18, 1, 1, 334.23),
(15, 9, 1, 1, 206.20),
(15, 20, 1, 3, 328.87),
(15, 6, 1, 3, 214.16),
(16, 5, 1, 1, 155.48),
(16, 16, 1, 3, 210.96),
(17, 3, 1, 2, 420.22),
(17, 12, 1, 3, 35.43),
(17, 16, 1, 3, 210.96),
(17, 19, 1, 3, 97.79),
(18, 17, 1, 1, 132.72),
(18, 6, 1, 1, 214.16),
(18, 10, 1, 3, 362.91),
(18, 3, 1, 1, 420.22),
(19, 13, 1, 3, 457.98),
(19, 12, 1, 2, 35.43),
(20, 14, 1, 3, 389.21),
(20, 8, 1, 3, 339.05),
(20, 9, 1, 2, 206.20),
(21, 2, 1, 3, 319.07),
(21, 9, 1, 2, 206.20),
(22, 6, 1, 3, 214.16),
(22, 3, 1, 1, 420.22),
(22, 16, 1, 3, 210.96),
(22, 9, 1, 3, 206.20),
(22, 17, 1, 1, 132.72),
(23, 19, 1, 1, 97.79),
(23, 11, 1, 2, 186.59),
(23, 5, 1, 1, 155.48),
(23, 8, 1, 3, 339.05),
(23, 19, 1, 2, 97.79),
(24, 15, 1, 1, 135.81),
(24, 9, 1, 1, 206.20),
(24, 19, 1, 3, 97.79),
(24, 15, 1, 2, 135.81),
(24, 17, 1, 2, 132.72),
(25, 17, 1, 2, 132.72),
(25, 1, 1, 2, 29.58),
(25, 12, 1, 3, 35.43),
(26, 12, 1, 1, 35.43),
(26, 10, 1, 1, 362.91),
(26, 6, 1, 2, 214.16),
(26, 3, 1, 2, 420.22),
(27, 4, 1, 2, 40.30),
(28, 16, 1, 2, 210.96),
(28, 3, 1, 1, 420.22),
(28, 8, 1, 2, 339.05),
(28, 19, 1, 2, 97.79),
(28, 19, 1, 3, 97.79),
(29, 17, 1, 1, 132.72),
(29, 13, 1, 2, 457.98),
(29, 1, 1, 2, 29.58),
(29, 12, 1, 1, 35.43),
(29, 14, 1, 3, 389.21),
(30, 7, 1, 1, 8.10),
(31, 6, 1, 2, 214.16),
(31, 6, 1, 2, 214.16),
(31, 13, 1, 2, 457.98),
(32, 13, 1, 1, 457.98),
(32, 6, 1, 2, 214.16),
(32, 20, 1, 2, 328.87),
(32, 7, 1, 3, 8.10),
(32, 18, 1, 2, 334.23),
(33, 2, 1, 3, 319.07),
(33, 3, 1, 1, 420.22),
(33, 17, 1, 3, 132.72),
(33, 5, 1, 1, 155.48),
(33, 18, 1, 1, 334.23),
(34, 17, 1, 2, 132.72),
(34, 19, 1, 3, 97.79),
(35, 11, 1, 3, 186.59),
(35, 10, 1, 3, 362.91),
(36, 9, 1, 2, 206.20),
(36, 6, 1, 2, 214.16),
(36, 15, 1, 3, 135.81),
(37, 11, 1, 3, 186.59),
(37, 13, 1, 1, 457.98),
(37, 19, 1, 3, 97.79),
(38, 6, 1, 3, 214.16),
(39, 15, 1, 2, 135.81),
(39, 10, 1, 3, 362.91),
(39, 12, 1, 1, 35.43),
(40, 19, 1, 3, 97.79),
(40, 10, 1, 1, 362.91),
(40, 20, 1, 1, 328.87),
(40, 2, 1, 3, 319.07),
(41, 4, 1, 2, 40.30),
(41, 14, 1, 3, 389.21),
(42, 15, 1, 3, 135.81),
(42, 11, 1, 3, 186.59),
(42, 17, 1, 1, 132.72),
(42, 2, 1, 1, 319.07),
(43, 7, 1, 1, 8.10),
(44, 16, 1, 3, 210.96),
(44, 3, 1, 2, 420.22),
(45, 4, 1, 2, 40.30),
(45, 12, 1, 3, 35.43),
(45, 17, 1, 3, 132.72),
(45, 12, 1, 3, 35.43),
(45, 17, 1, 2, 132.72),
(46, 13, 1, 2, 457.98),
(46, 15, 1, 1, 135.81),
(46, 10, 1, 1, 362.91),
(46, 13, 1, 1, 457.98),
(46, 15, 1, 1, 135.81),
(47, 19, 1, 1, 97.79),
(47, 13, 1, 3, 457.98),
(47, 12, 1, 3, 35.43),
(48, 9, 1, 1, 206.20),
(48, 8, 1, 3, 339.05),
(48, 1, 1, 2, 29.58),
(48, 3, 1, 1, 420.22),
(48, 14, 1, 2, 389.21),
(49, 12, 1, 1, 35.43),
(50, 7, 1, 3, 8.10),
(50, 20, 1, 3, 328.87),
(50, 9, 1, 2, 206.20),
(50, 3, 1, 1, 420.22),
(51, 14, 1, 1, 389.21),
(51, 15, 1, 1, 135.81),
(51, 17, 1, 3, 132.72),
(51, 2, 1, 2, 319.07),
(51, 17, 1, 2, 132.72),
(52, 7, 1, 1, 8.10),
(52, 3, 1, 2, 420.22),
(53, 7, 1, 1, 8.10),
(53, 11, 1, 1, 186.59),
(53, 6, 1, 3, 214.16),
(53, 6, 1, 1, 214.16),
(53, 4, 1, 3, 40.30),
(54, 11, 1, 2, 186.59),
(54, 8, 1, 1, 339.05),
(54, 15, 1, 2, 135.81),
(54, 17, 1, 1, 132.72),
(55, 13, 1, 1, 457.98),
(55, 9, 1, 1, 206.20),
(56, 3, 1, 2, 420.22),
(57, 14, 1, 3, 389.21),
(57, 12, 1, 3, 35.43),
(57, 7, 1, 3, 8.10),
(57, 14, 1, 3, 389.21),
(57, 8, 1, 3, 339.05),
(58, 20, 1, 2, 328.87),
(58, 11, 1, 3, 186.59),
(59, 3, 1, 3, 420.22),
(60, 2, 1, 3, 319.07),
(60, 4, 1, 1, 40.30),
(60, 4, 1, 3, 40.30),
(61, 4, 1, 1, 40.30),
(61, 17, 1, 2, 132.72),
(62, 14, 1, 3, 389.21),
(62, 17, 1, 1, 132.72),
(62, 3, 1, 2, 420.22),
(62, 9, 1, 2, 206.20),
(63, 12, 1, 2, 35.43),
(63, 13, 1, 1, 457.98),
(64, 6, 1, 2, 214.16),
(64, 14, 1, 2, 389.21),
(64, 2, 1, 3, 319.07),
(64, 9, 1, 2, 206.20),
(64, 10, 1, 2, 362.91),
(65, 8, 1, 2, 339.05),
(65, 17, 1, 3, 132.72),
(65, 19, 1, 3, 97.79),
(66, 2, 1, 1, 319.07),
(66, 12, 1, 2, 35.43),
(66, 10, 1, 2, 362.91),
(67, 15, 1, 3, 135.81),
(67, 15, 1, 2, 135.81),
(67, 5, 1, 2, 155.48),
(67, 18, 1, 2, 334.23),
(67, 1, 1, 3, 29.58),
(68, 11, 1, 3, 186.59),
(68, 20, 1, 3, 328.87),
(68, 5, 1, 1, 155.48),
(68, 5, 1, 1, 155.48),
(69, 14, 1, 3, 389.21),
(69, 2, 1, 1, 319.07),
(69, 12, 1, 1, 35.43),
(69, 6, 1, 3, 214.16),
(70, 10, 1, 1, 362.91),
(70, 4, 1, 2, 40.30),
(71, 3, 1, 2, 420.22),
(71, 5, 1, 2, 155.48),
(71, 16, 1, 2, 210.96),
(71, 16, 1, 1, 210.96),
(72, 13, 1, 1, 457.98),
(72, 19, 1, 2, 97.79),
(73, 10, 1, 3, 362.91),
(73, 17, 1, 1, 132.72),
(73, 11, 1, 1, 186.59),
(73, 17, 1, 2, 132.72),
(74, 8, 1, 2, 339.05),
(74, 1, 1, 2, 29.58),
(75, 3, 1, 2, 420.22),
(75, 12, 1, 1, 35.43),
(75, 13, 1, 1, 457.98),
(75, 15, 1, 3, 135.81),
(76, 16, 1, 1, 210.96),
(76, 6, 1, 2, 214.16),
(76, 4, 1, 3, 40.30),
(77, 7, 1, 1, 8.10),
(77, 15, 1, 1, 135.81),
(77, 3, 1, 2, 420.22),
(77, 17, 1, 3, 132.72),
(78, 6, 1, 3, 214.16),
(78, 6, 1, 3, 214.16),
(79, 17, 1, 3, 132.72),
(80, 8, 1, 1, 339.05),
(80, 19, 1, 1, 97.79),
(80, 17, 1, 1, 132.72),
(80, 18, 1, 1, 334.23),
(81, 16, 1, 1, 210.96),
(81, 10, 1, 1, 362.91),
(81, 15, 1, 3, 135.81),
(81, 8, 1, 1, 339.05),
(82, 15, 1, 3, 135.81),
(82, 15, 1, 3, 135.81),
(82, 20, 1, 1, 328.87),
(82, 1, 1, 3, 29.58),
(82, 17, 1, 1, 132.72),
(83, 1, 1, 2, 29.58),
(83, 10, 1, 1, 362.91),
(83, 3, 1, 3, 420.22),
(83, 7, 1, 1, 8.10),
(83, 13, 1, 2, 457.98),
(84, 7, 1, 3, 8.10),
(84, 2, 1, 2, 319.07),
(84, 6, 1, 2, 214.16),
(85, 8, 1, 2, 339.05),
(85, 12, 1, 2, 35.43),
(85, 14, 1, 2, 389.21),
(85, 20, 1, 1, 328.87),
(85, 14, 1, 3, 389.21),
(86, 4, 1, 2, 40.30),
(86, 7, 1, 1, 8.10),
(86, 12, 1, 3, 35.43),
(86, 5, 1, 2, 155.48),
(86, 8, 1, 1, 339.05),
(87, 20, 1, 1, 328.87),
(87, 12, 1, 2, 35.43),
(87, 10, 1, 2, 362.91),
(88, 15, 1, 3, 135.81),
(88, 9, 1, 2, 206.20),
(89, 11, 1, 1, 186.59),
(89, 4, 1, 3, 40.30),
(89, 3, 1, 1, 420.22),
(89, 20, 1, 2, 328.87),
(90, 4, 1, 3, 40.30),
(91, 8, 1, 2, 339.05),
(91, 5, 1, 1, 155.48),
(91, 19, 1, 3, 97.79),
(92, 14, 1, 3, 389.21),
(92, 3, 1, 1, 420.22),
(92, 11, 1, 3, 186.59),
(92, 6, 1, 3, 214.16),
(92, 18, 1, 2, 334.23),
(93, 17, 1, 1, 132.72),
(93, 19, 1, 1, 97.79),
(93, 19, 1, 3, 97.79),
(93, 13, 1, 3, 457.98),
(94, 1, 1, 2, 29.58),
(94, 5, 1, 1, 155.48),
(94, 1, 1, 1, 29.58),
(94, 5, 1, 1, 155.48),
(94, 11, 1, 3, 186.59),
(95, 8, 1, 2, 339.05),
(95, 13, 1, 1, 457.98),
(95, 3, 1, 2, 420.22),
(96, 5, 1, 1, 155.48),
(96, 18, 1, 3, 334.23),
(97, 12, 1, 1, 35.43),
(97, 9, 1, 1, 206.20),
(97, 14, 1, 2, 389.21),
(97, 8, 1, 1, 339.05),
(98, 16, 1, 3, 210.96),
(98, 19, 1, 1, 97.79),
(98, 20, 1, 1, 328.87),
(98, 12, 1, 2, 35.43),
(99, 10, 1, 2, 362.91),
(99, 8, 1, 1, 339.05),
(100, 19, 1, 3, 97.79),
(101, 2, 1, 3, 319.07),
(101, 2, 1, 2, 319.07),
(101, 12, 1, 1, 35.43),
(101, 3, 1, 3, 420.22),
(101, 4, 1, 3, 40.30),
(102, 1, 1, 2, 29.58),
(102, 8, 1, 1, 339.05),
(102, 6, 1, 2, 214.16),
(103, 20, 1, 1, 328.87),
(103, 4, 1, 1, 40.30),
(103, 7, 1, 1, 8.10),
(103, 16, 1, 1, 210.96),
(104, 19, 1, 1, 97.79),
(104, 3, 1, 3, 420.22),
(104, 6, 1, 2, 214.16),
(104, 3, 1, 3, 420.22),
(105, 4, 1, 3, 40.30),
(105, 14, 1, 3, 389.21),
(105, 2, 1, 1, 319.07),
(105, 15, 1, 1, 135.81),
(106, 13, 1, 1, 457.98),
(106, 10, 1, 2, 362.91),
(106, 15, 1, 3, 135.81),
(107, 14, 1, 3, 389.21),
(107, 14, 1, 3, 389.21),
(107, 19, 1, 1, 97.79),
(107, 11, 1, 3, 186.59),
(107, 7, 1, 1, 8.10),
(108, 12, 1, 1, 35.43),
(108, 3, 1, 3, 420.22),
(108, 2, 1, 1, 319.07),
(108, 16, 1, 2, 210.96),
(108, 13, 1, 3, 457.98),
(109, 20, 1, 3, 328.87),
(109, 6, 1, 3, 214.16),
(109, 11, 1, 3, 186.59),
(109, 18, 1, 1, 334.23),
(110, 14, 1, 3, 389.21),
(111, 6, 1, 3, 214.16),
(111, 3, 1, 1, 420.22),
(112, 1, 1, 3, 29.58),
(112, 10, 1, 2, 362.91),
(112, 18, 1, 3, 334.23),
(112, 5, 1, 1, 155.48),
(113, 10, 1, 2, 362.91),
(113, 16, 1, 1, 210.96),
(113, 9, 1, 3, 206.20),
(113, 11, 1, 1, 186.59),
(114, 13, 1, 2, 457.98),
(114, 3, 1, 1, 420.22),
(114, 20, 1, 2, 328.87),
(114, 1, 1, 3, 29.58),
(115, 18, 1, 1, 334.23),
(115, 19, 1, 3, 97.79),
(115, 14, 1, 3, 389.21),
(115, 16, 1, 2, 210.96),
(116, 10, 1, 2, 362.91),
(116, 17, 1, 1, 132.72),
(116, 18, 1, 1, 334.23),
(116, 7, 1, 1, 8.10),
(117, 2, 1, 3, 319.07),
(118, 20, 1, 1, 328.87),
(118, 9, 1, 3, 206.20),
(118, 1, 1, 3, 29.58),
(119, 12, 1, 3, 35.43),
(120, 3, 1, 2, 420.22),
(121, 2, 1, 2, 319.07),
(121, 19, 1, 3, 97.79),
(122, 4, 1, 2, 40.30),
(122, 9, 1, 1, 206.20),
(122, 8, 1, 3, 339.05),
(122, 3, 1, 3, 420.22),
(123, 14, 1, 2, 389.21),
(123, 20, 1, 1, 328.87),
(123, 8, 1, 1, 339.05),
(124, 6, 1, 1, 214.16),
(125, 10, 1, 2, 362.91),
(126, 14, 1, 2, 389.21),
(126, 20, 1, 3, 328.87),
(126, 14, 1, 2, 389.21),
(126, 19, 1, 1, 97.79),
(127, 8, 1, 3, 339.05),
(127, 19, 1, 1, 97.79),
(127, 18, 1, 1, 334.23),
(128, 12, 1, 1, 35.43),
(128, 6, 1, 2, 214.16),
(129, 15, 1, 2, 135.81),
(129, 16, 1, 1, 210.96),
(129, 10, 1, 3, 362.91),
(130, 6, 1, 2, 214.16),
(130, 20, 1, 2, 328.87),
(130, 5, 1, 1, 155.48),
(131, 7, 1, 3, 8.10),
(132, 2, 1, 1, 319.07),
(133, 1, 1, 3, 29.58),
(133, 8, 1, 2, 339.05),
(133, 1, 1, 1, 29.58),
(133, 15, 1, 3, 135.81),
(133, 12, 1, 3, 35.43),
(134, 1, 1, 3, 29.58),
(134, 10, 1, 1, 362.91),
(134, 19, 1, 3, 97.79),
(134, 20, 1, 3, 328.87),
(135, 2, 1, 2, 319.07),
(135, 7, 1, 2, 8.10),
(136, 16, 1, 1, 210.96),
(136, 18, 1, 3, 334.23),
(136, 5, 1, 2, 155.48),
(137, 20, 1, 1, 328.87),
(137, 20, 1, 2, 328.87),
(137, 20, 1, 2, 328.87),
(137, 17, 1, 1, 132.72),
(138, 14, 1, 3, 389.21),
(138, 3, 1, 1, 420.22),
(138, 13, 1, 3, 457.98),
(138, 20, 1, 1, 328.87),
(138, 16, 1, 2, 210.96),
(139, 11, 1, 3, 186.59),
(139, 5, 1, 2, 155.48),
(139, 4, 1, 3, 40.30),
(139, 11, 1, 1, 186.59),
(139, 5, 1, 1, 155.48),
(140, 4, 1, 1, 40.30),
(140, 18, 1, 2, 334.23),
(140, 9, 1, 3, 206.20),
(140, 7, 1, 3, 8.10),
(141, 17, 1, 2, 132.72),
(141, 16, 1, 2, 210.96),
(142, 10, 1, 2, 362.91),
(142, 13, 1, 3, 457.98),
(143, 9, 1, 3, 206.20),
(143, 9, 1, 1, 206.20),
(143, 20, 1, 3, 328.87),
(144, 8, 1, 3, 339.05),
(144, 9, 1, 2, 206.20),
(145, 13, 1, 1, 457.98),
(146, 5, 1, 2, 155.48),
(146, 8, 1, 3, 339.05),
(146, 20, 1, 1, 328.87),
(147, 18, 1, 1, 334.23),
(147, 19, 1, 2, 97.79),
(147, 12, 1, 2, 35.43),
(148, 5, 1, 1, 155.48),
(148, 5, 1, 3, 155.48),
(148, 10, 1, 1, 362.91),
(149, 9, 1, 2, 206.20),
(149, 1, 1, 2, 29.58),
(149, 8, 1, 2, 339.05),
(149, 5, 1, 1, 155.48),
(149, 11, 1, 2, 186.59),
(150, 15, 1, 2, 135.81),
(150, 8, 1, 1, 339.05),
(150, 11, 1, 2, 186.59),
(150, 10, 1, 2, 362.91),
(150, 8, 1, 2, 339.05),
(151, 11, 1, 3, 186.59),
(151, 16, 1, 1, 210.96),
(152, 15, 1, 2, 135.81),
(152, 9, 1, 1, 206.20),
(152, 18, 1, 1, 334.23),
(152, 4, 1, 1, 40.30),
(153, 7, 1, 2, 8.10),
(153, 17, 1, 2, 132.72),
(154, 6, 1, 1, 214.16),
(154, 15, 1, 3, 135.81),
(154, 19, 1, 2, 97.79),
(154, 20, 1, 1, 328.87),
(155, 11, 1, 1, 186.59),
(155, 8, 1, 1, 339.05),
(155, 3, 1, 1, 420.22),
(155, 20, 1, 3, 328.87),
(155, 19, 1, 3, 97.79),
(156, 1, 1, 1, 29.58),
(157, 20, 1, 2, 328.87),
(157, 17, 1, 1, 132.72),
(157, 4, 1, 1, 40.30),
(157, 10, 1, 3, 362.91),
(157, 10, 1, 1, 362.91),
(158, 15, 1, 2, 135.81),
(158, 18, 1, 3, 334.23),
(158, 4, 1, 1, 40.30),
(159, 13, 1, 2, 457.98),
(159, 9, 1, 3, 206.20),
(159, 9, 1, 1, 206.20),
(159, 6, 1, 2, 214.16),
(160, 10, 1, 3, 362.91),
(160, 8, 1, 1, 339.05),
(160, 18, 1, 3, 334.23),
(160, 15, 1, 3, 135.81),
(161, 10, 1, 3, 362.91),
(161, 7, 1, 1, 8.10),
(162, 8, 1, 2, 339.05),
(163, 4, 1, 3, 40.30),
(163, 16, 1, 1, 210.96),
(163, 8, 1, 1, 339.05),
(164, 10, 1, 1, 362.91),
(164, 8, 1, 3, 339.05),
(164, 19, 1, 3, 97.79),
(164, 19, 1, 1, 97.79),
(165, 12, 1, 3, 35.43),
(165, 9, 1, 2, 206.20),
(165, 10, 1, 2, 362.91),
(166, 14, 1, 3, 389.21),
(166, 19, 1, 1, 97.79),
(166, 2, 1, 1, 319.07),
(166, 8, 1, 2, 339.05),
(166, 9, 1, 3, 206.20),
(167, 11, 1, 2, 186.59),
(168, 19, 1, 1, 97.79),
(168, 5, 1, 1, 155.48),
(168, 13, 1, 3, 457.98),
(168, 13, 1, 2, 457.98),
(169, 2, 1, 1, 319.07),
(169, 13, 1, 2, 457.98),
(169, 11, 1, 3, 186.59),
(170, 1, 1, 3, 29.58),
(170, 20, 1, 2, 328.87),
(170, 18, 1, 2, 334.23),
(170, 17, 1, 1, 132.72),
(170, 18, 1, 1, 334.23),
(171, 11, 1, 2, 186.59),
(171, 9, 1, 1, 206.20),
(171, 19, 1, 3, 97.79),
(171, 11, 1, 1, 186.59),
(171, 8, 1, 2, 339.05),
(172, 12, 1, 2, 35.43),
(172, 5, 1, 3, 155.48),
(172, 14, 1, 1, 389.21),
(172, 7, 1, 3, 8.10),
(173, 16, 1, 3, 210.96),
(173, 2, 1, 3, 319.07),
(173, 8, 1, 1, 339.05),
(173, 3, 1, 2, 420.22),
(173, 17, 1, 3, 132.72),
(174, 20, 1, 2, 328.87),
(174, 1, 1, 3, 29.58),
(174, 16, 1, 2, 210.96),
(175, 2, 1, 3, 319.07),
(176, 12, 1, 3, 35.43),
(176, 12, 1, 2, 35.43),
(176, 9, 1, 2, 206.20),
(176, 17, 1, 3, 132.72),
(177, 8, 1, 2, 339.05),
(177, 11, 1, 2, 186.59),
(177, 4, 1, 1, 40.30),
(177, 1, 1, 2, 29.58),
(178, 6, 1, 2, 214.16),
(178, 5, 1, 2, 155.48),
(179, 10, 1, 3, 362.91),
(179, 17, 1, 3, 132.72),
(179, 15, 1, 2, 135.81),
(180, 15, 1, 2, 135.81),
(180, 11, 1, 3, 186.59),
(180, 13, 1, 1, 457.98),
(180, 12, 1, 3, 35.43),
(180, 4, 1, 1, 40.30),
(181, 14, 1, 3, 389.21),
(181, 10, 1, 2, 362.91),
(182, 15, 1, 3, 135.81),
(182, 18, 1, 1, 334.23),
(182, 4, 1, 1, 40.30),
(183, 3, 1, 3, 420.22),
(183, 15, 1, 1, 135.81),
(183, 2, 1, 3, 319.07),
(184, 15, 1, 3, 135.81),
(184, 10, 1, 3, 362.91),
(184, 6, 1, 2, 214.16),
(185, 18, 1, 3, 334.23),
(185, 15, 1, 3, 135.81),
(185, 19, 1, 2, 97.79),
(185, 4, 1, 3, 40.30),
(185, 19, 1, 2, 97.79),
(186, 1, 1, 3, 29.58),
(186, 1, 1, 2, 29.58),
(186, 10, 1, 1, 362.91),
(186, 16, 1, 2, 210.96),
(187, 8, 1, 1, 339.05),
(188, 12, 1, 3, 35.43),
(188, 8, 1, 2, 339.05),
(188, 14, 1, 1, 389.21),
(189, 2, 1, 3, 319.07),
(189, 3, 1, 3, 420.22),
(189, 7, 1, 3, 8.10),
(190, 5, 1, 3, 155.48),
(190, 15, 1, 1, 135.81),
(190, 15, 1, 3, 135.81),
(190, 13, 1, 2, 457.98),
(191, 4, 1, 2, 40.30),
(192, 2, 1, 1, 319.07),
(193, 16, 1, 2, 210.96),
(193, 7, 1, 3, 8.10),
(194, 14, 1, 3, 389.21),
(194, 7, 1, 3, 8.10),
(194, 15, 1, 2, 135.81),
(194, 10, 1, 2, 362.91),
(195, 16, 1, 1, 210.96),
(195, 2, 1, 2, 319.07),
(195, 12, 1, 2, 35.43),
(195, 14, 1, 3, 389.21),
(196, 7, 1, 1, 8.10),
(197, 8, 1, 1, 339.05),
(197, 8, 1, 1, 339.05),
(197, 12, 1, 2, 35.43),
(198, 15, 1, 1, 135.81),
(199, 13, 1, 2, 457.98),
(200, 10, 1, 1, 362.91),
(2, NULL, 5, 2, 0.99),
(2, NULL, 6, 2, 0.99),
(2, 10, 7, 2, 0.99),
(2, 14, 8, 2, 0.99);

--
-- Triggers `order_items`
--
DELIMITER $$
CREATE TRIGGER `before_insert_order_item` BEFORE INSERT ON `order_items` FOR EACH ROW BEGIN
  DECLARE new_date_id INT;

  -- Insert the current timestamp into dates
  INSERT INTO dates (date) VALUES (CURRENT_TIMESTAMP);

  -- Get the last inserted id_date
  SET new_date_id = LAST_INSERT_ID();

  -- Assign it to the new order_items row
  SET NEW.id_date = new_date_id;
END
$$
DELIMITER ;

-- --------------------------------------------------------

--
-- Table structure for table `order_items_old`
--

CREATE TABLE `order_items_old` (
  `id_order` int(11) DEFAULT NULL,
  `id_product` int(11) DEFAULT NULL,
  `id_date` int(11) DEFAULT NULL,
  `id_customer` int(11) DEFAULT NULL,
  `quantity` int(11) DEFAULT NULL,
  `unit_price` decimal(10,2) DEFAULT NULL
) ENGINE=InnoDB DEFAULT CHARSET=utf8mb4 COLLATE=utf8mb4_general_ci;

--
-- Dumping data for table `order_items_old`
--

INSERT INTO `order_items_old` (`id_order`, `id_product`, `id_date`, `id_customer`, `quantity`, `unit_price`) VALUES
(1, 18, 1, 1, 2, 334.23),
(1, 1, 1, 2, 3, 29.58),
(2, 15, 1, 3, 1, 135.81),
(2, 1, 1, 4, 2, 29.58),
(2, 7, 1, 5, 1, 8.10),
(2, 9, 1, 6, 1, 206.20),
(2, 15, 1, 7, 1, 135.81),
(3, 11, 1, 8, 2, 186.59),
(3, 3, 1, 9, 1, 420.22),
(4, 1, 1, 10, 3, 29.58),
(5, 17, 1, 11, 3, 132.72),
(6, 13, 1, 12, 2, 457.98),
(6, 15, 1, 13, 2, 135.81),
(7, 4, 1, 14, 1, 40.30),
(7, 20, 1, 15, 2, 328.87),
(7, 3, 1, 16, 3, 420.22),
(7, 10, 1, 17, 3, 362.91),
(7, 6, 1, 18, 3, 214.16),
(8, 20, 1, 19, 3, 328.87),
(9, 3, 1, 20, 3, 420.22),
(9, 3, 1, 21, 2, 420.22),
(9, 12, 1, 22, 2, 35.43),
(10, 16, 1, 23, 3, 210.96),
(11, 1, 1, 24, 1, 29.58),
(11, 10, 1, 25, 2, 362.91),
(12, 11, 1, 26, 1, 186.59),
(12, 1, 1, 27, 2, 29.58),
(12, 4, 1, 28, 3, 40.30),
(12, 4, 1, 29, 1, 40.30),
(13, 1, 1, 30, 1, 29.58),
(13, 13, 1, 31, 3, 457.98),
(13, 20, 1, 32, 2, 328.87),
(13, 15, 1, 33, 1, 135.81),
(14, 2, 1, 34, 1, 319.07),
(14, 1, 1, 35, 1, 29.58),
(14, 19, 1, 36, 1, 97.79),
(14, 4, 1, 37, 2, 40.30),
(14, 3, 1, 38, 3, 420.22),
(15, 18, 1, 39, 1, 334.23),
(15, 9, 1, 40, 1, 206.20),
(15, 20, 1, 41, 3, 328.87),
(15, 6, 1, 42, 3, 214.16),
(16, 5, 1, 43, 1, 155.48),
(16, 16, 1, 44, 3, 210.96),
(17, 3, 1, 45, 2, 420.22),
(17, 12, 1, 46, 3, 35.43),
(17, 16, 1, 47, 3, 210.96),
(17, 19, 1, 48, 3, 97.79),
(18, 17, 1, 49, 1, 132.72),
(18, 6, 1, 50, 1, 214.16),
(18, 10, 1, 1, 3, 362.91),
(18, 3, 1, 2, 1, 420.22),
(19, 13, 1, 3, 3, 457.98),
(19, 12, 1, 4, 2, 35.43),
(20, 14, 1, 5, 3, 389.21),
(20, 8, 1, 6, 3, 339.05),
(20, 9, 1, 7, 2, 206.20),
(21, 2, 1, 8, 3, 319.07),
(21, 9, 1, 9, 2, 206.20),
(22, 6, 1, 10, 3, 214.16),
(22, 3, 1, 11, 1, 420.22),
(22, 16, 1, 12, 3, 210.96),
(22, 9, 1, 13, 3, 206.20),
(22, 17, 1, 14, 1, 132.72),
(23, 19, 1, 15, 1, 97.79),
(23, 11, 1, 16, 2, 186.59),
(23, 5, 1, 17, 1, 155.48),
(23, 8, 1, 18, 3, 339.05),
(23, 19, 1, 19, 2, 97.79),
(24, 15, 1, 20, 1, 135.81),
(24, 9, 1, 21, 1, 206.20),
(24, 19, 1, 22, 3, 97.79),
(24, 15, 1, 23, 2, 135.81),
(24, 17, 1, 24, 2, 132.72),
(25, 17, 1, 25, 2, 132.72),
(25, 1, 1, 26, 2, 29.58),
(25, 12, 1, 27, 3, 35.43),
(26, 12, 1, 28, 1, 35.43),
(26, 10, 1, 29, 1, 362.91),
(26, 6, 1, 30, 2, 214.16),
(26, 3, 1, 31, 2, 420.22),
(27, 4, 1, 32, 2, 40.30),
(28, 16, 1, 33, 2, 210.96),
(28, 3, 1, 34, 1, 420.22),
(28, 8, 1, 35, 2, 339.05),
(28, 19, 1, 36, 2, 97.79),
(28, 19, 1, 37, 3, 97.79),
(29, 17, 1, 38, 1, 132.72),
(29, 13, 1, 39, 2, 457.98),
(29, 1, 1, 40, 2, 29.58),
(29, 12, 1, 41, 1, 35.43),
(29, 14, 1, 42, 3, 389.21),
(30, 7, 1, 43, 1, 8.10),
(31, 6, 1, 44, 2, 214.16),
(31, 6, 1, 45, 2, 214.16),
(31, 13, 1, 46, 2, 457.98),
(32, 13, 1, 47, 1, 457.98),
(32, 6, 1, 48, 2, 214.16),
(32, 20, 1, 49, 2, 328.87),
(32, 7, 1, 50, 3, 8.10),
(32, 18, 1, 1, 2, 334.23),
(33, 2, 1, 2, 3, 319.07),
(33, 3, 1, 3, 1, 420.22),
(33, 17, 1, 4, 3, 132.72),
(33, 5, 1, 5, 1, 155.48),
(33, 18, 1, 6, 1, 334.23),
(34, 17, 1, 7, 2, 132.72),
(34, 19, 1, 8, 3, 97.79),
(35, 11, 1, 9, 3, 186.59),
(35, 10, 1, 10, 3, 362.91),
(36, 9, 1, 11, 2, 206.20),
(36, 6, 1, 12, 2, 214.16),
(36, 15, 1, 13, 3, 135.81),
(37, 11, 1, 14, 3, 186.59),
(37, 13, 1, 15, 1, 457.98),
(37, 19, 1, 16, 3, 97.79),
(38, 6, 1, 17, 3, 214.16),
(39, 15, 1, 18, 2, 135.81),
(39, 10, 1, 19, 3, 362.91),
(39, 12, 1, 20, 1, 35.43),
(40, 19, 1, 21, 3, 97.79),
(40, 10, 1, 22, 1, 362.91),
(40, 20, 1, 23, 1, 328.87),
(40, 2, 1, 24, 3, 319.07),
(41, 4, 1, 25, 2, 40.30),
(41, 14, 1, 26, 3, 389.21),
(42, 15, 1, 27, 3, 135.81),
(42, 11, 1, 28, 3, 186.59),
(42, 17, 1, 29, 1, 132.72),
(42, 2, 1, 30, 1, 319.07),
(43, 7, 1, 31, 1, 8.10),
(44, 16, 1, 32, 3, 210.96),
(44, 3, 1, 33, 2, 420.22),
(45, 4, 1, 34, 2, 40.30),
(45, 12, 1, 35, 3, 35.43),
(45, 17, 1, 36, 3, 132.72),
(45, 12, 1, 37, 3, 35.43),
(45, 17, 1, 38, 2, 132.72),
(46, 13, 1, 39, 2, 457.98),
(46, 15, 1, 40, 1, 135.81),
(46, 10, 1, 41, 1, 362.91),
(46, 13, 1, 42, 1, 457.98),
(46, 15, 1, 43, 1, 135.81),
(47, 19, 1, 44, 1, 97.79),
(47, 13, 1, 45, 3, 457.98),
(47, 12, 1, 46, 3, 35.43),
(48, 9, 1, 47, 1, 206.20),
(48, 8, 1, 48, 3, 339.05),
(48, 1, 1, 49, 2, 29.58),
(48, 3, 1, 50, 1, 420.22),
(48, 14, 1, 1, 2, 389.21),
(49, 12, 1, 2, 1, 35.43),
(50, 7, 1, 3, 3, 8.10),
(50, 20, 1, 4, 3, 328.87),
(50, 9, 1, 5, 2, 206.20),
(50, 3, 1, 6, 1, 420.22),
(51, 14, 1, 7, 1, 389.21),
(51, 15, 1, 8, 1, 135.81),
(51, 17, 1, 9, 3, 132.72),
(51, 2, 1, 10, 2, 319.07),
(51, 17, 1, 11, 2, 132.72),
(52, 7, 1, 12, 1, 8.10),
(52, 3, 1, 13, 2, 420.22),
(53, 7, 1, 14, 1, 8.10),
(53, 11, 1, 15, 1, 186.59),
(53, 6, 1, 16, 3, 214.16),
(53, 6, 1, 17, 1, 214.16),
(53, 4, 1, 18, 3, 40.30),
(54, 11, 1, 19, 2, 186.59),
(54, 8, 1, 20, 1, 339.05),
(54, 15, 1, 21, 2, 135.81),
(54, 17, 1, 22, 1, 132.72),
(55, 13, 1, 23, 1, 457.98),
(55, 9, 1, 24, 1, 206.20),
(56, 3, 1, 25, 2, 420.22),
(57, 14, 1, 26, 3, 389.21),
(57, 12, 1, 27, 3, 35.43),
(57, 7, 1, 28, 3, 8.10),
(57, 14, 1, 29, 3, 389.21),
(57, 8, 1, 30, 3, 339.05),
(58, 20, 1, 31, 2, 328.87),
(58, 11, 1, 32, 3, 186.59),
(59, 3, 1, 33, 3, 420.22),
(60, 2, 1, 34, 3, 319.07),
(60, 4, 1, 35, 1, 40.30),
(60, 4, 1, 36, 3, 40.30),
(61, 4, 1, 37, 1, 40.30),
(61, 17, 1, 38, 2, 132.72),
(62, 14, 1, 39, 3, 389.21),
(62, 17, 1, 40, 1, 132.72),
(62, 3, 1, 41, 2, 420.22),
(62, 9, 1, 42, 2, 206.20),
(63, 12, 1, 43, 2, 35.43),
(63, 13, 1, 44, 1, 457.98),
(64, 6, 1, 45, 2, 214.16),
(64, 14, 1, 46, 2, 389.21),
(64, 2, 1, 47, 3, 319.07),
(64, 9, 1, 48, 2, 206.20),
(64, 10, 1, 49, 2, 362.91),
(65, 8, 1, 50, 2, 339.05),
(65, 17, 1, 1, 3, 132.72),
(65, 19, 1, 2, 3, 97.79),
(66, 2, 1, 3, 1, 319.07),
(66, 12, 1, 4, 2, 35.43),
(66, 10, 1, 5, 2, 362.91),
(67, 15, 1, 6, 3, 135.81),
(67, 15, 1, 7, 2, 135.81),
(67, 5, 1, 8, 2, 155.48),
(67, 18, 1, 9, 2, 334.23),
(67, 1, 1, 10, 3, 29.58),
(68, 11, 1, 11, 3, 186.59),
(68, 20, 1, 12, 3, 328.87),
(68, 5, 1, 13, 1, 155.48),
(68, 5, 1, 14, 1, 155.48),
(69, 14, 1, 15, 3, 389.21),
(69, 2, 1, 16, 1, 319.07),
(69, 12, 1, 17, 1, 35.43),
(69, 6, 1, 18, 3, 214.16),
(70, 10, 1, 19, 1, 362.91),
(70, 4, 1, 20, 2, 40.30),
(71, 3, 1, 21, 2, 420.22),
(71, 5, 1, 22, 2, 155.48),
(71, 16, 1, 23, 2, 210.96),
(71, 16, 1, 24, 1, 210.96),
(72, 13, 1, 25, 1, 457.98),
(72, 19, 1, 26, 2, 97.79),
(73, 10, 1, 27, 3, 362.91),
(73, 17, 1, 28, 1, 132.72),
(73, 11, 1, 29, 1, 186.59),
(73, 17, 1, 30, 2, 132.72),
(74, 8, 1, 31, 2, 339.05),
(74, 1, 1, 32, 2, 29.58),
(75, 3, 1, 33, 2, 420.22),
(75, 12, 1, 34, 1, 35.43),
(75, 13, 1, 35, 1, 457.98),
(75, 15, 1, 36, 3, 135.81),
(76, 16, 1, 37, 1, 210.96),
(76, 6, 1, 38, 2, 214.16),
(76, 4, 1, 39, 3, 40.30),
(77, 7, 1, 40, 1, 8.10),
(77, 15, 1, 41, 1, 135.81),
(77, 3, 1, 42, 2, 420.22),
(77, 17, 1, 43, 3, 132.72),
(78, 6, 1, 44, 3, 214.16),
(78, 6, 1, 45, 3, 214.16),
(79, 17, 1, 46, 3, 132.72),
(80, 8, 1, 47, 1, 339.05),
(80, 19, 1, 48, 1, 97.79),
(80, 17, 1, 49, 1, 132.72),
(80, 18, 1, 50, 1, 334.23),
(81, 16, 1, 1, 1, 210.96),
(81, 10, 1, 2, 1, 362.91),
(81, 15, 1, 3, 3, 135.81),
(81, 8, 1, 4, 1, 339.05),
(82, 15, 1, 5, 3, 135.81),
(82, 15, 1, 6, 3, 135.81),
(82, 20, 1, 7, 1, 328.87),
(82, 1, 1, 8, 3, 29.58),
(82, 17, 1, 9, 1, 132.72),
(83, 1, 1, 10, 2, 29.58),
(83, 10, 1, 11, 1, 362.91),
(83, 3, 1, 12, 3, 420.22),
(83, 7, 1, 13, 1, 8.10),
(83, 13, 1, 14, 2, 457.98),
(84, 7, 1, 15, 3, 8.10),
(84, 2, 1, 16, 2, 319.07),
(84, 6, 1, 17, 2, 214.16),
(85, 8, 1, 18, 2, 339.05),
(85, 12, 1, 19, 2, 35.43),
(85, 14, 1, 20, 2, 389.21),
(85, 20, 1, 21, 1, 328.87),
(85, 14, 1, 22, 3, 389.21),
(86, 4, 1, 23, 2, 40.30),
(86, 7, 1, 24, 1, 8.10),
(86, 12, 1, 25, 3, 35.43),
(86, 5, 1, 26, 2, 155.48),
(86, 8, 1, 27, 1, 339.05),
(87, 20, 1, 28, 1, 328.87),
(87, 12, 1, 29, 2, 35.43),
(87, 10, 1, 30, 2, 362.91),
(88, 15, 1, 31, 3, 135.81),
(88, 9, 1, 32, 2, 206.20),
(89, 11, 1, 33, 1, 186.59),
(89, 4, 1, 34, 3, 40.30),
(89, 3, 1, 35, 1, 420.22),
(89, 20, 1, 36, 2, 328.87),
(90, 4, 1, 37, 3, 40.30),
(91, 8, 1, 38, 2, 339.05),
(91, 5, 1, 39, 1, 155.48),
(91, 19, 1, 40, 3, 97.79),
(92, 14, 1, 41, 3, 389.21),
(92, 3, 1, 42, 1, 420.22),
(92, 11, 1, 43, 3, 186.59),
(92, 6, 1, 44, 3, 214.16),
(92, 18, 1, 45, 2, 334.23),
(93, 17, 1, 46, 1, 132.72),
(93, 19, 1, 47, 1, 97.79),
(93, 19, 1, 48, 3, 97.79),
(93, 13, 1, 49, 3, 457.98),
(94, 1, 1, 50, 2, 29.58),
(94, 5, 1, 1, 1, 155.48),
(94, 1, 1, 2, 1, 29.58),
(94, 5, 1, 3, 1, 155.48),
(94, 11, 1, 4, 3, 186.59),
(95, 8, 1, 5, 2, 339.05),
(95, 13, 1, 6, 1, 457.98),
(95, 3, 1, 7, 2, 420.22),
(96, 5, 1, 8, 1, 155.48),
(96, 18, 1, 9, 3, 334.23),
(97, 12, 1, 10, 1, 35.43),
(97, 9, 1, 11, 1, 206.20),
(97, 14, 1, 12, 2, 389.21),
(97, 8, 1, 13, 1, 339.05),
(98, 16, 1, 14, 3, 210.96),
(98, 19, 1, 15, 1, 97.79),
(98, 20, 1, 16, 1, 328.87),
(98, 12, 1, 17, 2, 35.43),
(99, 10, 1, 18, 2, 362.91),
(99, 8, 1, 19, 1, 339.05),
(100, 19, 1, 20, 3, 97.79),
(101, 2, 1, 21, 3, 319.07),
(101, 2, 1, 22, 2, 319.07),
(101, 12, 1, 23, 1, 35.43),
(101, 3, 1, 24, 3, 420.22),
(101, 4, 1, 25, 3, 40.30),
(102, 1, 1, 26, 2, 29.58),
(102, 8, 1, 27, 1, 339.05),
(102, 6, 1, 28, 2, 214.16),
(103, 20, 1, 29, 1, 328.87),
(103, 4, 1, 30, 1, 40.30),
(103, 7, 1, 31, 1, 8.10),
(103, 16, 1, 32, 1, 210.96),
(104, 19, 1, 33, 1, 97.79),
(104, 3, 1, 34, 3, 420.22),
(104, 6, 1, 35, 2, 214.16),
(104, 3, 1, 36, 3, 420.22),
(105, 4, 1, 37, 3, 40.30),
(105, 14, 1, 38, 3, 389.21),
(105, 2, 1, 39, 1, 319.07),
(105, 15, 1, 40, 1, 135.81),
(106, 13, 1, 41, 1, 457.98),
(106, 10, 1, 42, 2, 362.91),
(106, 15, 1, 43, 3, 135.81),
(107, 14, 1, 44, 3, 389.21),
(107, 14, 1, 45, 3, 389.21),
(107, 19, 1, 46, 1, 97.79),
(107, 11, 1, 47, 3, 186.59),
(107, 7, 1, 48, 1, 8.10),
(108, 12, 1, 49, 1, 35.43),
(108, 3, 1, 50, 3, 420.22),
(108, 2, 1, 1, 1, 319.07),
(108, 16, 1, 2, 2, 210.96),
(108, 13, 1, 3, 3, 457.98),
(109, 20, 1, 4, 3, 328.87),
(109, 6, 1, 5, 3, 214.16),
(109, 11, 1, 6, 3, 186.59),
(109, 18, 1, 7, 1, 334.23),
(110, 14, 1, 8, 3, 389.21),
(111, 6, 1, 9, 3, 214.16),
(111, 3, 1, 10, 1, 420.22),
(112, 1, 1, 11, 3, 29.58),
(112, 10, 1, 12, 2, 362.91),
(112, 18, 1, 13, 3, 334.23),
(112, 5, 1, 14, 1, 155.48),
(113, 10, 1, 15, 2, 362.91),
(113, 16, 1, 16, 1, 210.96),
(113, 9, 1, 17, 3, 206.20),
(113, 11, 1, 18, 1, 186.59),
(114, 13, 1, 19, 2, 457.98),
(114, 3, 1, 20, 1, 420.22),
(114, 20, 1, 21, 2, 328.87),
(114, 1, 1, 22, 3, 29.58),
(115, 18, 1, 23, 1, 334.23),
(115, 19, 1, 24, 3, 97.79),
(115, 14, 1, 25, 3, 389.21),
(115, 16, 1, 26, 2, 210.96),
(116, 10, 1, 27, 2, 362.91),
(116, 17, 1, 28, 1, 132.72),
(116, 18, 1, 29, 1, 334.23),
(116, 7, 1, 30, 1, 8.10),
(117, 2, 1, 31, 3, 319.07),
(118, 20, 1, 32, 1, 328.87),
(118, 9, 1, 33, 3, 206.20),
(118, 1, 1, 34, 3, 29.58),
(119, 12, 1, 35, 3, 35.43),
(120, 3, 1, 36, 2, 420.22),
(121, 2, 1, 37, 2, 319.07),
(121, 19, 1, 38, 3, 97.79),
(122, 4, 1, 39, 2, 40.30),
(122, 9, 1, 40, 1, 206.20),
(122, 8, 1, 41, 3, 339.05),
(122, 3, 1, 42, 3, 420.22),
(123, 14, 1, 43, 2, 389.21),
(123, 20, 1, 44, 1, 328.87),
(123, 8, 1, 45, 1, 339.05),
(124, 6, 1, 46, 1, 214.16),
(125, 10, 1, 47, 2, 362.91),
(126, 14, 1, 48, 2, 389.21),
(126, 20, 1, 49, 3, 328.87),
(126, 14, 1, 50, 2, 389.21),
(126, 19, 1, 1, 1, 97.79),
(127, 8, 1, 2, 3, 339.05),
(127, 19, 1, 3, 1, 97.79),
(127, 18, 1, 4, 1, 334.23),
(128, 12, 1, 5, 1, 35.43),
(128, 6, 1, 6, 2, 214.16),
(129, 15, 1, 7, 2, 135.81),
(129, 16, 1, 8, 1, 210.96),
(129, 10, 1, 9, 3, 362.91),
(130, 6, 1, 10, 2, 214.16),
(130, 20, 1, 11, 2, 328.87),
(130, 5, 1, 12, 1, 155.48),
(131, 7, 1, 13, 3, 8.10),
(132, 2, 1, 14, 1, 319.07),
(133, 1, 1, 15, 3, 29.58),
(133, 8, 1, 16, 2, 339.05),
(133, 1, 1, 17, 1, 29.58),
(133, 15, 1, 18, 3, 135.81),
(133, 12, 1, 19, 3, 35.43),
(134, 1, 1, 20, 3, 29.58),
(134, 10, 1, 21, 1, 362.91),
(134, 19, 1, 22, 3, 97.79),
(134, 20, 1, 23, 3, 328.87),
(135, 2, 1, 24, 2, 319.07),
(135, 7, 1, 25, 2, 8.10),
(136, 16, 1, 26, 1, 210.96),
(136, 18, 1, 27, 3, 334.23),
(136, 5, 1, 28, 2, 155.48),
(137, 20, 1, 29, 1, 328.87),
(137, 20, 1, 30, 2, 328.87),
(137, 20, 1, 31, 2, 328.87),
(137, 17, 1, 32, 1, 132.72),
(138, 14, 1, 33, 3, 389.21),
(138, 3, 1, 34, 1, 420.22),
(138, 13, 1, 35, 3, 457.98),
(138, 20, 1, 36, 1, 328.87),
(138, 16, 1, 37, 2, 210.96),
(139, 11, 1, 38, 3, 186.59),
(139, 5, 1, 39, 2, 155.48),
(139, 4, 1, 40, 3, 40.30),
(139, 11, 1, 41, 1, 186.59),
(139, 5, 1, 42, 1, 155.48),
(140, 4, 1, 43, 1, 40.30),
(140, 18, 1, 44, 2, 334.23),
(140, 9, 1, 45, 3, 206.20),
(140, 7, 1, 46, 3, 8.10),
(141, 17, 1, 47, 2, 132.72),
(141, 16, 1, 48, 2, 210.96),
(142, 10, 1, 49, 2, 362.91),
(142, 13, 1, 50, 3, 457.98),
(143, 9, 1, 1, 3, 206.20),
(143, 9, 1, 2, 1, 206.20),
(143, 20, 1, 3, 3, 328.87),
(144, 8, 1, 4, 3, 339.05),
(144, 9, 1, 5, 2, 206.20),
(145, 13, 1, 6, 1, 457.98),
(146, 5, 1, 7, 2, 155.48),
(146, 8, 1, 8, 3, 339.05),
(146, 20, 1, 9, 1, 328.87),
(147, 18, 1, 10, 1, 334.23),
(147, 19, 1, 11, 2, 97.79),
(147, 12, 1, 12, 2, 35.43),
(148, 5, 1, 13, 1, 155.48),
(148, 5, 1, 14, 3, 155.48),
(148, 10, 1, 15, 1, 362.91),
(149, 9, 1, 16, 2, 206.20),
(149, 1, 1, 17, 2, 29.58),
(149, 8, 1, 18, 2, 339.05),
(149, 5, 1, 19, 1, 155.48),
(149, 11, 1, 20, 2, 186.59),
(150, 15, 1, 21, 2, 135.81),
(150, 8, 1, 22, 1, 339.05),
(150, 11, 1, 23, 2, 186.59),
(150, 10, 1, 24, 2, 362.91),
(150, 8, 1, 25, 2, 339.05),
(151, 11, 1, 26, 3, 186.59),
(151, 16, 1, 27, 1, 210.96),
(152, 15, 1, 28, 2, 135.81),
(152, 9, 1, 29, 1, 206.20),
(152, 18, 1, 30, 1, 334.23),
(152, 4, 1, 31, 1, 40.30),
(153, 7, 1, 32, 2, 8.10),
(153, 17, 1, 33, 2, 132.72),
(154, 6, 1, 34, 1, 214.16),
(154, 15, 1, 35, 3, 135.81),
(154, 19, 1, 36, 2, 97.79),
(154, 20, 1, 37, 1, 328.87),
(155, 11, 1, 38, 1, 186.59),
(155, 8, 1, 39, 1, 339.05),
(155, 3, 1, 40, 1, 420.22),
(155, 20, 1, 41, 3, 328.87),
(155, 19, 1, 42, 3, 97.79),
(156, 1, 1, 43, 1, 29.58),
(157, 20, 1, 44, 2, 328.87),
(157, 17, 1, 45, 1, 132.72),
(157, 4, 1, 46, 1, 40.30),
(157, 10, 1, 47, 3, 362.91),
(157, 10, 1, 48, 1, 362.91),
(158, 15, 1, 49, 2, 135.81),
(158, 18, 1, 50, 3, 334.23),
(158, 4, 1, 1, 1, 40.30),
(159, 13, 1, 2, 2, 457.98),
(159, 9, 1, 3, 3, 206.20),
(159, 9, 1, 4, 1, 206.20),
(159, 6, 1, 5, 2, 214.16),
(160, 10, 1, 6, 3, 362.91),
(160, 8, 1, 7, 1, 339.05),
(160, 18, 1, 8, 3, 334.23),
(160, 15, 1, 9, 3, 135.81),
(161, 10, 1, 10, 3, 362.91),
(161, 7, 1, 11, 1, 8.10),
(162, 8, 1, 12, 2, 339.05),
(163, 4, 1, 13, 3, 40.30),
(163, 16, 1, 14, 1, 210.96),
(163, 8, 1, 15, 1, 339.05),
(164, 10, 1, 16, 1, 362.91),
(164, 8, 1, 17, 3, 339.05),
(164, 19, 1, 18, 3, 97.79),
(164, 19, 1, 19, 1, 97.79),
(165, 12, 1, 20, 3, 35.43),
(165, 9, 1, 21, 2, 206.20),
(165, 10, 1, 22, 2, 362.91),
(166, 14, 1, 23, 3, 389.21),
(166, 19, 1, 24, 1, 97.79),
(166, 2, 1, 25, 1, 319.07),
(166, 8, 1, 26, 2, 339.05),
(166, 9, 1, 27, 3, 206.20),
(167, 11, 1, 28, 2, 186.59),
(168, 19, 1, 29, 1, 97.79),
(168, 5, 1, 30, 1, 155.48),
(168, 13, 1, 31, 3, 457.98),
(168, 13, 1, 32, 2, 457.98),
(169, 2, 1, 33, 1, 319.07),
(169, 13, 1, 34, 2, 457.98),
(169, 11, 1, 35, 3, 186.59),
(170, 1, 1, 36, 3, 29.58),
(170, 20, 1, 37, 2, 328.87),
(170, 18, 1, 38, 2, 334.23),
(170, 17, 1, 39, 1, 132.72),
(170, 18, 1, 40, 1, 334.23),
(171, 11, 1, 41, 2, 186.59),
(171, 9, 1, 42, 1, 206.20),
(171, 19, 1, 43, 3, 97.79),
(171, 11, 1, 44, 1, 186.59),
(171, 8, 1, 45, 2, 339.05),
(172, 12, 1, 46, 2, 35.43),
(172, 5, 1, 47, 3, 155.48),
(172, 14, 1, 48, 1, 389.21),
(172, 7, 1, 49, 3, 8.10),
(173, 16, 1, 50, 3, 210.96),
(173, 2, 1, 1, 3, 319.07),
(173, 8, 1, 2, 1, 339.05),
(173, 3, 1, 3, 2, 420.22),
(173, 17, 1, 4, 3, 132.72),
(174, 20, 1, 5, 2, 328.87),
(174, 1, 1, 6, 3, 29.58),
(174, 16, 1, 7, 2, 210.96),
(175, 2, 1, 8, 3, 319.07),
(176, 12, 1, 9, 3, 35.43),
(176, 12, 1, 10, 2, 35.43),
(176, 9, 1, 11, 2, 206.20),
(176, 17, 1, 12, 3, 132.72),
(177, 8, 1, 13, 2, 339.05),
(177, 11, 1, 14, 2, 186.59),
(177, 4, 1, 15, 1, 40.30),
(177, 1, 1, 16, 2, 29.58),
(178, 6, 1, 17, 2, 214.16),
(178, 5, 1, 18, 2, 155.48),
(179, 10, 1, 19, 3, 362.91),
(179, 17, 1, 20, 3, 132.72),
(179, 15, 1, 21, 2, 135.81),
(180, 15, 1, 22, 2, 135.81),
(180, 11, 1, 23, 3, 186.59),
(180, 13, 1, 24, 1, 457.98),
(180, 12, 1, 25, 3, 35.43),
(180, 4, 1, 26, 1, 40.30),
(181, 14, 1, 27, 3, 389.21),
(181, 10, 1, 28, 2, 362.91),
(182, 15, 1, 29, 3, 135.81),
(182, 18, 1, 30, 1, 334.23),
(182, 4, 1, 31, 1, 40.30),
(183, 3, 1, 32, 3, 420.22),
(183, 15, 1, 33, 1, 135.81),
(183, 2, 1, 34, 3, 319.07),
(184, 15, 1, 35, 3, 135.81),
(184, 10, 1, 36, 3, 362.91),
(184, 6, 1, 37, 2, 214.16),
(185, 18, 1, 38, 3, 334.23),
(185, 15, 1, 39, 3, 135.81),
(185, 19, 1, 40, 2, 97.79),
(185, 4, 1, 41, 3, 40.30),
(185, 19, 1, 42, 2, 97.79),
(186, 1, 1, 43, 3, 29.58),
(186, 1, 1, 44, 2, 29.58),
(186, 10, 1, 45, 1, 362.91),
(186, 16, 1, 46, 2, 210.96),
(187, 8, 1, 47, 1, 339.05),
(188, 12, 1, 48, 3, 35.43),
(188, 8, 1, 49, 2, 339.05),
(188, 14, 1, 50, 1, 389.21),
(189, 2, 1, 1, 3, 319.07),
(189, 3, 1, 2, 3, 420.22),
(189, 7, 1, 3, 3, 8.10),
(190, 5, 1, 4, 3, 155.48),
(190, 15, 1, 5, 1, 135.81),
(190, 15, 1, 6, 3, 135.81),
(190, 13, 1, 7, 2, 457.98),
(191, 4, 1, 8, 2, 40.30),
(192, 2, 1, 9, 1, 319.07),
(193, 16, 1, 10, 2, 210.96),
(193, 7, 1, 11, 3, 8.10),
(194, 14, 1, 12, 3, 389.21),
(194, 7, 1, 13, 3, 8.10),
(194, 15, 1, 14, 2, 135.81),
(194, 10, 1, 15, 2, 362.91),
(195, 16, 1, 16, 1, 210.96),
(195, 2, 1, 17, 2, 319.07),
(195, 12, 1, 18, 2, 35.43),
(195, 14, 1, 19, 3, 389.21),
(196, 7, 1, 20, 1, 8.10),
(197, 8, 1, 21, 1, 339.05),
(197, 8, 1, 22, 1, 339.05),
(197, 12, 1, 23, 2, 35.43),
(198, 15, 1, 24, 1, 135.81),
(199, 13, 1, 25, 2, 457.98),
(200, 10, 1, 26, 1, 362.91),
(2, 10, 3, 2, 2, 0.99),
(4, 9, 4, 45, 8, 0.99);

--
-- Triggers `order_items_old`
--
DELIMITER $$
CREATE TRIGGER `before_insert_order_item_old` BEFORE INSERT ON `order_items_old` FOR EACH ROW BEGIN
  DECLARE new_date_id INT;

  -- Insert the current timestamp into dates
  INSERT INTO dates (date) VALUES (CURRENT_TIMESTAMP);

  -- Get the last inserted id_date
  SET new_date_id = LAST_INSERT_ID();

  -- Assign it to the new order_items row
  SET NEW.id_date = new_date_id;
END
$$
DELIMITER ;

-- --------------------------------------------------------

--
-- Table structure for table `products`
--

CREATE TABLE `products` (
  `id_product` int(11) NOT NULL,
  `name` varchar(100) DEFAULT NULL,
  `category` varchar(50) DEFAULT NULL,
  `price` decimal(10,2) DEFAULT NULL
) ENGINE=InnoDB DEFAULT CHARSET=utf8mb4 COLLATE=utf8mb4_general_ci;

--
-- Dumping data for table `products`
--

INSERT INTO `products` (`id_product`, `name`, `category`, `price`) VALUES
(1, 'Produit_1', 'Maison', 29.58),
(2, 'Produit_2', 'Maison', 319.07),
(3, 'Produit_3', 'lectronique', 420.22),
(4, 'Produit_4', 'Maison', 40.30),
(5, 'Produit_5', 'lectronique', 155.48),
(6, 'Produit_6', 'lectronique', 214.16),
(7, 'Produit_7', 'lectronique', 8.10),
(8, 'Produit_8', 'Vtements', 339.05),
(9, 'Produit_9', 'lectronique', 206.20),
(10, 'Produit_10', 'Vtements', 362.91),
(11, 'Produit_11', 'lectronique', 186.59),
(12, 'Produit_12', 'Vtements', 35.43),
(13, 'Produit_13', 'lectronique', 457.98),
(14, 'Produit_14', 'lectronique', 389.21),
(15, 'Produit_15', 'Vtements', 135.81),
(16, 'Produit_16', 'Vtements', 210.96),
(17, 'Produit_17', 'Maison', 132.72),
(18, 'Produit_18', 'Maison', 334.23),
(19, 'Produit_19', 'lectronique', 97.79),
(20, 'Produit_20', 'lectronique', 328.87);

-- --------------------------------------------------------

--
-- Structure for view `masked_view_customers`
--
DROP TABLE IF EXISTS `masked_view_customers`;

CREATE ALGORITHM=UNDEFINED DEFINER=`root`@`localhost` SQL SECURITY DEFINER VIEW `masked_view_customers`  AS SELECT `customers`.`id_customer` AS `id_customer`, `customers`.`last_name` AS `last_name`, `customers`.`first_name` AS `first_name`, concat(substr(`customers`.`email`,1,3),'xxxxx',substr(`customers`.`email`,octet_length(`customers`.`email`) - 2,octet_length(`customers`.`email`))) AS `Name_exp_4` FROM `customers` ;

--
-- Indexes for dumped tables
--

--
-- Indexes for table `customers`
--
ALTER TABLE `customers`
  ADD PRIMARY KEY (`id_customer`);

--
-- Indexes for table `dates`
--
ALTER TABLE `dates`
  ADD PRIMARY KEY (`id_date`);

--
-- Indexes for table `orders`
--
ALTER TABLE `orders`
  ADD PRIMARY KEY (`id_order`);

--
-- Indexes for table `order_items`
--
ALTER TABLE `order_items`
  ADD KEY `id_order` (`id_order`),
  ADD KEY `id_product` (`id_product`),
  ADD KEY `id_date` (`id_date`);

--
-- Indexes for table `order_items_old`
--
ALTER TABLE `order_items_old`
  ADD KEY `id_order` (`id_order`),
  ADD KEY `id_product` (`id_product`),
  ADD KEY `id_customer` (`id_customer`),
  ADD KEY `id_date` (`id_date`);

--
-- Indexes for table `products`
--
ALTER TABLE `products`
  ADD PRIMARY KEY (`id_product`);

--
-- AUTO_INCREMENT for dumped tables
--

--
-- AUTO_INCREMENT for table `dates`
--
ALTER TABLE `dates`
  MODIFY `id_date` int(11) NOT NULL AUTO_INCREMENT, AUTO_INCREMENT=9;

--
-- Constraints for dumped tables
--

--
-- Constraints for table `order_items`
--
ALTER TABLE `order_items`
  ADD CONSTRAINT `order_items_ibfk_1` FOREIGN KEY (`id_order`) REFERENCES `orders` (`id_order`),
  ADD CONSTRAINT `order_items_ibfk_2` FOREIGN KEY (`id_product`) REFERENCES `products` (`id_product`),
  ADD CONSTRAINT `order_items_ibfk_3` FOREIGN KEY (`id_date`) REFERENCES `dates` (`id_date`);

--
-- Constraints for table `order_items_old`
--
ALTER TABLE `order_items_old`
  ADD CONSTRAINT `order_items_old_ibfk_1` FOREIGN KEY (`id_order`) REFERENCES `orders` (`id_order`),
  ADD CONSTRAINT `order_items_old_ibfk_2` FOREIGN KEY (`id_product`) REFERENCES `products` (`id_product`),
  ADD CONSTRAINT `order_items_old_ibfk_3` FOREIGN KEY (`id_customer`) REFERENCES `customers` (`id_customer`),
  ADD CONSTRAINT `order_items_old_ibfk_4` FOREIGN KEY (`id_date`) REFERENCES `dates` (`id_date`);
COMMIT;

/*!40101 SET CHARACTER_SET_CLIENT=@OLD_CHARACTER_SET_CLIENT */;
/*!40101 SET CHARACTER_SET_RESULTS=@OLD_CHARACTER_SET_RESULTS */;
/*!40101 SET COLLATION_CONNECTION=@OLD_COLLATION_CONNECTION */;
